Designator,Footprint,Quantity,Value,LCSC Part #
"Annotation1, Annotation2, Annotation3, Annotation4",NSL_long,4,Silkscreen_Annotation,
Annotation10,NSL,1,Silkscreen_Annotation,
Annotation5,GRSS,1,Silkscreen_Annotation,
Annotation6,IEEE_logo,1,Silkscreen_Annotation,
Annotation7,Bridgemaker,1,Silkscreen_Annotation,
Annotation8,UPC_positiu,1,Silkscreen_Annotation,
Annotation9,Telecos,1,Silkscreen_Annotation,
"H1, H2, H3, H4, H5, H6",MountingHole_2.2mm_M2_Pad,6,MountingHole_Pad,
J1,D2FLA,1,D2FLA,
J2,D2FLA1,1,D2FLA1,
