Designator,Mid X,Mid Y,Rotation,Layer
Annotation1,101.944298,-89.6112,180.0,bottom
Annotation10,80.057575,-42.6852,90.0,top
Annotation2,101.817298,-35.07793,180.0,bottom
Annotation3,101.817298,-34.924471,180.0,top
Annotation4,103.236902,-89.56093,0.0,top
Annotation5,131.4704,-54.102,90.0,top
Annotation6,131.3688,-66.7004,90.0,top
Annotation7,122.062381,-62.072669,90.0,top
Annotation8,73.1266,-63.9572,270.0,top
Annotation9,73.5838,-86.106,270.0,top
J1,132.6388,-78.2828,180.0,top
J2,132.6388,-46.2788,180.0,top
