﻿pos_x,pos_y,rotation,side,designator,mpn,pack,value,mount_type,place
151.8632,-95.789,180.0,bottom,Annotation1,,Bike,Silkscreen_Annotation,smt,True
149.839531,-97.97782,0.0,bottom,Annotation2,,Bridgemaker,Silkscreen_Annotation,smt,True
138.75,-93.25,0.0,top,C1,,C_0603_1608Metric,100 pF,smt,True
151.75,-91.0,90.0,top,C10,,C_0603_1608Metric,10 nF,smt,True
159.4058,-107.622,0.0,top,C11,,C_0603_1608Metric,100 nF,smt,True
162.0,-103.9,-90.0,top,C13,,C_0603_1608Metric,1 uF,smt,True
159.4058,-106.122,180.0,top,C14,,C_0603_1608Metric,1 uF,smt,True
141.8336,-103.3272,-90.0,top,C15,,C_0603_1608Metric,10 uF,smt,True
138.7,-84.3,180.0,top,C2,,C_0603_1608Metric,100 pF,smt,True
144.0,-93.25,0.0,top,C3,,C_0603_1608Metric,100 pF,smt,True
144.0,-84.2,180.0,top,C4,,C_0603_1608Metric,100 pF,smt,True
156.5,-93.25,0.0,top,C5,,C_0603_1608Metric,100 pF,smt,True
156.5,-84.2,180.0,top,C6,,C_0603_1608Metric,100 pF,smt,True
162.85,-93.175,-90.0,top,C7,,C_0603_1608Metric,1 uF,smt,True
150.575,-86.8,0.0,top,C8,,C_0603_1608Metric,2.2 uF,smt,True
150.575,-88.3,0.0,top,C9,,C_0603_1608Metric,100 nF,smt,True
133.5,-78.5,0.0,top,H1,,MountingHole_3.2mm_M3_Pad,MountingHole_Pad,tht,True
166.5,-78.5,0.0,top,H2,,MountingHole_3.2mm_M3_Pad,MountingHole_Pad,tht,True
166.5,-111.5,0.0,top,H3,,MountingHole_3.2mm_M3_Pad,MountingHole_Pad,tht,True
133.5,-111.5,0.0,top,H4,,MountingHole_3.2mm_M3_Pad,MountingHole_Pad,tht,True
138.57,-78.5,90.0,top,J1,,SLW-110-01,CES-110-02-L-S,tht,True
146.7112,-83.243,0.0,bottom,J10,,Picoclasp09,Pico-Clasp_01x09,smt,True
149.8996,-106.75,180.0,bottom,J11,,Picoclasp15,Pico-Clasp_01x15,smt,True
150.0378,-95.0,-90.0,bottom,J12,,CES-102-02,CES-102-02-L-S,tht,True
166.5,-83.57,0.0,top,J2,,SLW-110-01,CES-110-02-L-S,tht,True
161.43,-111.5,-90.0,top,J3,,SLW-110-01,CES-110-02-L-S,tht,True
133.5,-106.43,180.0,top,J4,,SLW-110-01,CES-110-02-L-S,tht,True
155.9342,-82.608,0.0,bottom,J5,,Picoclasp03,Pico-Clasp_01x03,smt,True
137.8258,-101.685,90.0,bottom,J6,,Picoclasp10,Pico-Clasp_01x10,smt,True
162.1282,-101.6762,-90.0,bottom,J7,,Picoclasp10,Pico-Clasp_01x10,smt,True
162.1874,-88.3106,-90.0,bottom,J8,,Picoclasp10,Pico-Clasp_01x10,smt,True
137.812,-88.2946,90.0,bottom,J9,,Picoclasp10,Pico-Clasp_01x10,smt,True
138.75,-94.75,0.0,top,R1,,R_0603_1608Metric,100,smt,True
156.5,-82.7,0.0,top,R10,,R_0603_1608Metric,100,smt,True
156.5,-91.75,180.0,top,R11,,R_0603_1608Metric,2k,smt,True
156.5,-85.7,0.0,top,R12,,R_0603_1608Metric,2k,smt,True
138.7,-82.8,0.0,top,R2,,R_0603_1608Metric,100,smt,True
138.75,-91.75,180.0,top,R3,,R_0603_1608Metric,2k,smt,True
138.7,-85.8,0.0,top,R4,,R_0603_1608Metric,2k,smt,True
144.0,-94.75,0.0,top,R5,,R_0603_1608Metric,100,smt,True
144.0,-82.7,0.0,top,R6,,R_0603_1608Metric,100,smt,True
144.0,-91.75,180.0,top,R7,,R_0603_1608Metric,2k,smt,True
144.0,-85.7,0.0,top,R8,,R_0603_1608Metric,2k,smt,True
158.8,-92.475,-90.0,top,R9,,R_0603_1608Metric,100,smt,True
138.749988,-88.750004,90.0,top,U1,,TI_X1SON-8_3x3mm,LPV542,smt,True
143.99999,-88.750004,90.0,top,U2,,TI_X1SON-8_3x3mm,LPV542,smt,True
156.49999,-88.750004,90.0,top,U3,,TI_X1SON-8_3x3mm,LPV542,smt,True
149.0,-91.25,90.0,top,U4,,Bosch_LGA-14_3x2.5mm_P0.5mm,IIM-42652,smt,True
158.0,-102.75,0.0,top,U5,,QFN-16-1EP_4x4mm_P0.65mm_EP2.5x2.5mm,BD2606MVV,smt,True
161.749992,-88.99999,-90.0,top,U6,,UQFN-16_1.8x2.6_Pitch0.4mm,TMUX1108RSVR,smt,True
144.526,-103.2764,180.0,top,U7,,LGA-16_3x3mm_P0.5mm,MMC5983MA,smt,True
