﻿designator,quantity,value,pack,mpn,mount_type
Annotation1,1,Silkscreen_Annotation,Bike,,smt
Annotation2,1,Silkscreen_Annotation,Bridgemaker,,smt
"C1, C2, C3, C4, C5, C6",6,100 pF,C_0603_1608Metric,,smt
C10,1,10 nF,C_0603_1608Metric,,smt
"C11, C9",2,100 nF,C_0603_1608Metric,,smt
"C13, C14, C7",3,1 uF,C_0603_1608Metric,,smt
C15,1,10 uF,C_0603_1608Metric,,smt
C8,1,2.2 uF,C_0603_1608Metric,,smt
"H1, H2, H3, H4",4,MountingHole_Pad,MountingHole_3.2mm_M3_Pad,,tht
"J1, J2, J3, J4",4,CES-110-02-L-S,SLW-110-01,,tht
J10,1,Pico-Clasp_01x09,Picoclasp09,,smt
J11,1,Pico-Clasp_01x15,Picoclasp15,,smt
J12,1,CES-102-02-L-S,CES-102-02,,tht
J5,1,Pico-Clasp_01x03,Picoclasp03,,smt
"J6, J7, J8, J9",4,Pico-Clasp_01x10,Picoclasp10,,smt
"R1, R10, R2, R5, R6, R9",6,100,R_0603_1608Metric,,smt
"R11, R12, R3, R4, R7, R8",6,2k,R_0603_1608Metric,,smt
"U1, U2, U3",3,LPV542,TI_X1SON-8_3x3mm,,smt
U4,1,IIM-42652,Bosch_LGA-14_3x2.5mm_P0.5mm,,smt
U5,1,BD2606MVV,QFN-16-1EP_4x4mm_P0.65mm_EP2.5x2.5mm,,smt
U6,1,TMUX1108RSVR,UQFN-16_1.8x2.6_Pitch0.4mm,,smt
U7,1,MMC5983MA,LGA-16_3x3mm_P0.5mm,,smt
