Designator,Footprint,Quantity,Value,LCSC Part #
Annotation1,Bridgemaker,1,Silkscreen_Annotation,
Annotation2,GRSS,1,Silkscreen_Annotation,
Annotation3,NSL_long,1,Silkscreen_Annotation,
Annotation4,IEEE_logo,1,Silkscreen_Annotation,
Annotation5,UPC_positiu,1,Silkscreen_Annotation,
C1,0603,1,1nF,
C10,0603,1,47nF,
C11,0603,1,2.2pF,
C12,0603,1,270pF,
C13,0603,1,22pF,
C14,0603,1,47nF,
C15,0603,1,1.2nF,
C16,0603,1,1.2nF,
C17,0402,1,310pF,
C18,0402,1,1.3pF,
C19,0402,1,1.3pF,
C2,0603,1,1nF,
C20,0402,1,500pF,
C21,0402,1,1.3pF,
C22,0402,1,1.3pF,
C23,0402,1,310pF,
C24,0402,1,12 pF,
C25,0402,1,12 pF,
C26,0402,1,10nF,
C27,0402,1,10nF,
C28,0603,1,27pF,
C29,0603,1,33nF,
C3,0603,1,1nF,
C30,0603,1,1uF,
C31,0603,1,4.7uF,
C32,0603,1,1nF,
C33,0603,1,1uF,
C34,0603,1,47nF,
C4,0603,1,1nF,
C5,0603,1,47nF,
C6,0603,1,47nF,
C7,0402,1,47nF,
C8,0402,1,47nF,
C9,0603,1,47nF,
FL1,GE0805C-3,1,BFCG162W,
"H1, H2, H3, H4",MountingHole_3.2mm_M3_Pad,4,MountingHole_Pad,
"J1, J2, J3, J4",BBL-110-Y-X,4,SLW-110-01-T-S,
"J5, J8",C.FL-R-SMT-1(90),2,U.FL-R-SMT,
"J6, J7",CoaxialSwitch_Hirose_MS-156C3_Horizontal,2,MS-156C3,
L1,0603,1,100nH,
L10,0603,1,4.7uH,
L2,0402,1,16.4nH,
L3,0402,1,3.9nH,
L4,0402,1,3.9nH,
L5,0402,1,10.2nH,
L6,0402,1,3.9nH,
L7,0402,1,3.9nH,
L8,0402,1,16.4nH,
L9,0402,1,680 nH,
R1,0603,1,87.5,
R2,0603,1,75,
R3,0603,1,75,
R4,0603,1,120k,
R5,0603,1,15k,
R6,0603,1,33K,
R7,0603,1,33K,
U1,WSON-6-1EP_2x2mm_P0.65mm_EP1x1.6mm,1,LEE2-6+,
U2,QFN50P500X500X80-29N,1,MAX2121,
U3,SON50P200X300X80-9N-D,1,~,
U4,SON45P200X200X80-9N,1,LT3048,
Y1,ECSTXO201633320TR,1,ECS-TXO-2016MV,
