Designator,Footprint,Quantity,Value,LCSC Part #
Annotation1,IEEE_logo,1,Silkscreen_Annotation,
Annotation2,GRSS,1,Silkscreen_Annotation,
Annotation3,NSL_long,1,Silkscreen_Annotation,
Annotation4,Telecos,1,Silkscreen_Annotation,
Annotation5,UPC_positiu,1,Silkscreen_Annotation,
C1,C_0603_1608Metric,1,1 uF,
D1,SLCD-61N8,1,SLCD-61N8,
"GA0, GA1, GA2, VA0, VA1, VA2",R_0805_2012Metric,6,0R,
"H1, H2, H3, H4",MountingHole_3.2mm_M3_ISO14580_Pad,4,MountingHole_Pad,
H5,MountingHole_8.4mm_M8,1,MountingHole,
IC1,SOP-8_3.9x4.9mm_P1.27mm,1,TCN75AVUA713,
J1,Molex_PicoBlade_53261-0971_1x09-1MP_P1.25mm_Horizontal,1,Conn_01x11_MountingPin,
