Designator,Footprint,Quantity,Value,LCSC Part #
Annotation1,IEEE_logo,1,Silkscreen_Annotation,
Annotation2,GRSS,1,Silkscreen_Annotation,
Annotation3,NSL_long,1,Silkscreen_Annotation,
Annotation4,Telecos,1,Silkscreen_Annotation,
Annotation5,UPC_positiu,1,Silkscreen_Annotation,
C1,0603,1,1 uF,
D1,SLCD-61N8,1,SLCD-61N8,
GA0,0805,1,0R,
GA1,0805,1,0R,
GA2,0805,1,0R,
"H1, H2, H3, H4",MountingHole_3.2mm_M3_ISO14580_Pad,4,MountingHole_Pad,
H5,MountingHole_8.4mm_M8,1,MountingHole,
IC1,TCN75AVOA,1,TCN75AVUA713,
J1,Molex_PicoBlade_53261-0971_1x09-1MP_P1.25mm_Horizontal,1,Conn_01x11_MountingPin,
VA0,0805,1,0R,
VA1,0805,1,0R,
VA2,0805,1,0R,
