Designator,Mid X,Mid Y,Rotation,Layer
Annotation1,25.146,30.607,180.0,top
Annotation2,41.769603,24.890321,90.0,top
Annotation3,24.220298,47.21913,180.0,top
Annotation4,8.6106,25.2476,-90.0,top
Annotation5,24.7904,5.5118,180.0,top
C1,36.8808,22.1362,-90.0,bottom
D1,24.918,41.6725,180.0,top
GA0,31.2166,31.1024,0.0,bottom
GA1,31.2166,33.4138,0.0,bottom
GA2,31.1912,35.6744,0.0,bottom
IC1,34.2646,26.6066,0.0,bottom
J1,20.2946,31.1786,0.0,bottom
VA0,37.5666,31.077,0.0,bottom
VA1,37.592,33.3884,0.0,bottom
VA2,37.592,35.6236,0.0,bottom
