[{"pos_x": 402.154, "pos_y": -250.942, "rotation": 180.0, "side": "top", "designator": "H21", "mpn": null, "pack": "MountingHole_2.2mm_M2_Pad", "value": "MountingHole_Pad", "mount_type": "tht", "place": true}, {"pos_x": 341.3, "pos_y": -140.0, "rotation": 0.0, "side": "top", "designator": "J62", "mpn": null, "pack": "HDRV9W90P0X254_1X9_2286X241X1143P", "value": "68001-109HLF", "mount_type": "tht", "place": true}, {"pos_x": 211.825, "pos_y": -241.0, "rotation": 0.0, "side": "top", "designator": "J34", "mpn": null, "pack": "Molex_PicoBlade_53261-1071_1x10-1MP_P1.25mm_Horizontal", "value": "Conn_01x11_MountingPin", "mount_type": "smt", "place": true}, {"pos_x": 296.52, "pos_y": -124.521367, "rotation": 0.0, "side": "top", "designator": "H42", "mpn": null, "pack": "MountingHole_3.2mm_M3_Pad", "value": "MountingHole_Pad", "mount_type": "tht", "place": true}, {"pos_x": 373.176102, "pos_y": -307.516878, "rotation": 180.0, "side": "top", "designator": "L2", "mpn": null, "pack": "L_0805_2012Metric", "value": "1u", "mount_type": "smt", "place": true}, {"pos_x": 270.516234, "pos_y": -187.5, "rotation": 0.0, "side": "top", "designator": "H63", "mpn": null, "pack": "MountingHole_2.2mm_M2_Pad", "value": "MountingHole_Pad", "mount_type": "tht", "place": true}, {"pos_x": 400.567707, "pos_y": -303.128731, "rotation": 180.0, "side": "top", "designator": "D3", "mpn": null, "pack": "RBS1LAM40ATR_Schottky", "value": "type=\"D\" model=\"RBS1LAM40ATR\" lib=\"\"", "mount_type": "smt", "place": true}, {"pos_x": 270.516234, "pos_y": -207.5, "rotation": 0.0, "side": "top", "designator": "H65", "mpn": null, "pack": "MountingHole_2.2mm_M2_Pad", "value": "MountingHole_Pad", "mount_type": "tht", "place": true}, {"pos_x": 220.32, "pos_y": -124.521367, "rotation": 180.0, "side": "top", "designator": "J14", "mpn": null, "pack": "HDRV10W64P0X254_1X10_2540X248X838P", "value": "TLW-110-05-T-S", "mount_type": "tht", "place": true}, {"pos_x": 419.0, "pos_y": -98.0, "rotation": 0.0, "side": "top", "designator": "Annotation3", "mpn": null, "pack": "NSL_long", "value": "Silkscreen_Annotation", "mount_type": "smt", "place": true}, {"pos_x": 398.806787, "pos_y": -286.925478, "rotation": 180.0, "side": "top", "designator": "RFG1", "mpn": null, "pack": "R_0603_1608Metric", "value": "1k", "mount_type": "smt", "place": true}, {"pos_x": 430.784, "pos_y": -92.202, "rotation": -90.0, "side": "top", "designator": "J60", "mpn": null, "pack": "PinSocket_1x10_P2.54mm_Vertical", "value": "CES-110-02-L-S", "mount_type": "tht", "place": true}, {"pos_x": 435.80904, "pos_y": -92.133246, "rotation": 0.0, "side": "top", "designator": "H16", "mpn": null, "pack": "MountingHole_3.2mm_M3_Pad", "value": "MountingHole_Pad", "mount_type": "tht", "place": true}, {"pos_x": 211.825, "pos_y": -169.4, "rotation": 0.0, "side": "top", "designator": "J49", "mpn": null, "pack": "Molex_PicoBlade_53261-1071_1x10-1MP_P1.25mm_Horizontal", "value": "Conn_01x11_MountingPin", "mount_type": "smt", "place": true}, {"pos_x": 296.52, "pos_y": -80.645, "rotation": 0.0, "side": "top", "designator": "J12", "mpn": null, "pack": "PinSocket_1x10_P2.54mm_Vertical", "value": "CES-110-02-L-S", "mount_type": "tht", "place": true}, {"pos_x": 200.0, "pos_y": -129.667161, "rotation": 90.0, "side": "top", "designator": "J18", "mpn": null, "pack": "HDRV10W64P0X254_1X10_2540X248X838P", "value": "TLW-110-05-T-S", "mount_type": "tht", "place": true}, {"pos_x": 296.512877, "pos_y": -129.578912, "rotation": 90.0, "side": "top", "designator": "J23", "mpn": null, "pack": "HDRV10W64P0X254_1X10_2540X248X838P", "value": "TLW-110-05-T-S", "mount_type": "tht", "place": true}, {"pos_x": 370.876102, "pos_y": -278.016878, "rotation": 90.0, "side": "top", "designator": "J69", "mpn": null, "pack": "HDRV3W60P0X200_1X3_600X200X525P", "value": "M22-2010305", "mount_type": "tht", "place": true}, {"pos_x": 378.296148, "pos_y": -291.493887, "rotation": 90.0, "side": "top", "designator": "C2", "mpn": null, "pack": "C_0603_1608Metric", "value": "10u", "mount_type": "smt", "place": true}, {"pos_x": 383.0, "pos_y": -222.24, "rotation": -90.0, "side": "top", "designator": "J43", "mpn": null, "pack": "HDRV10W64P0X254_1X10_2540X248X838P", "value": "HTSW-110-07-G-S", "mount_type": "tht", "place": true}, {"pos_x": 382.206329, "pos_y": -278.0, "rotation": 90.0, "side": "top", "designator": "J70", "mpn": null, "pack": "HDRV3W60P0X200_1X3_600X200X525P", "value": "M22-2010305", "mount_type": "tht", "place": true}, {"pos_x": 248.26, "pos_y": -129.601367, "rotation": 90.0, "side": "top", "designator": "J16", "mpn": null, "pack": "HDRV10W64P0X254_1X10_2540X248X838P", "value": "TLW-110-05-T-S", "mount_type": "tht", "place": true}, {"pos_x": 290.0, "pos_y": -206.0, "rotation": 90.0, "side": "top", "designator": "J46", "mpn": null, "pack": "Molex_PicoBlade_53261-1071_1x10-1MP_P1.25mm_Horizontal", "value": "Conn_01x11_MountingPin", "mount_type": "smt", "place": true}, {"pos_x": 402.0, "pos_y": -120.0, "rotation": 0.0, "side": "top", "designator": "H73", "mpn": null, "pack": "MountingHole_3.2mm_M3_Pad", "value": "MountingHole_Pad", "mount_type": "tht", "place": true}, {"pos_x": 396.053214, "pos_y": -301.211988, "rotation": -90.0, "side": "top", "designator": "R1", "mpn": null, "pack": "R_0805_2012Metric", "value": "75m", "mount_type": "smt", "place": true}, {"pos_x": 220.32, "pos_y": -75.565, "rotation": 90.0, "side": "top", "designator": "J7", "mpn": null, "pack": "PinSocket_1x10_P2.54mm_Vertical", "value": "CES-110-02-L-S", "mount_type": "tht", "place": true}, {"pos_x": 166.98, "pos_y": -103.505, "rotation": 180.0, "side": "top", "designator": "J2", "mpn": null, "pack": "PinSocket_1x10_P2.54mm_Vertical", "value": "CES-110-02-L-S", "mount_type": "tht", "place": true}, {"pos_x": 220.662104, "pos_y": -92.872521, "rotation": 0.0, "side": "top", "designator": "Annotation2", "mpn": null, "pack": "NakNak", "value": "Silkscreen_Annotation", "mount_type": "smt", "place": true}, {"pos_x": 415.0, "pos_y": -273.0, "rotation": 180.0, "side": "top", "designator": "J47", "mpn": null, "pack": "Molex_PicoBlade_53261-1071_1x10-1MP_P1.25mm_Horizontal", "value": "Conn_01x11_MountingPin", "mount_type": "smt", "place": true}, {"pos_x": 263.522882, "pos_y": -152.434357, "rotation": -90.0, "side": "top", "designator": "J26", "mpn": null, "pack": "HDRV10W64P0X254_1X10_2540X248X838P", "value": "TLW-110-05-T-S", "mount_type": "tht", "place": true}, {"pos_x": 301.0, "pos_y": -297.22, "rotation": 0.0, "side": "top", "designator": "H53", "mpn": null, "pack": "MountingHole_2.2mm_M2_Pad", "value": "MountingHole_Pad", "mount_type": "tht", "place": true}, {"pos_x": 374.600102, "pos_y": -276.166878, "rotation": -90.0, "side": "top", "designator": "D1", "mpn": null, "pack": "RBS1LAM40ATR_Schottky", "value": "type=\"D\" model=\"RBS1LAM40ATR\" lib=\"\"", "mount_type": "smt", "place": true}, {"pos_x": 215.24, "pos_y": -75.565, "rotation": 0.0, "side": "top", "designator": "H5", "mpn": null, "pack": "MountingHole_3.2mm_M3_Pad", "value": "MountingHole_Pad", "mount_type": "tht", "place": true}, {"pos_x": 139.0, "pos_y": -318.0, "rotation": 0.0, "side": "top", "designator": "H81", "mpn": null, "pack": "MountingHole_3.2mm_M3_Pad", "value": "MountingHole_Pad", "mount_type": "tht", "place": true}, {"pos_x": 153.139939, "pos_y": -225.842682, "rotation": 0.0, "side": "top", "designator": "H27", "mpn": null, "pack": "MountingHole_2.2mm_M2_Pad", "value": "MountingHole_Pad", "mount_type": "tht", "place": true}, {"pos_x": 291.44, "pos_y": -108.585, "rotation": -90.0, "side": "top", "designator": "J10", "mpn": null, "pack": "PinSocket_1x10_P2.54mm_Vertical", "value": "CES-110-02-L-S", "mount_type": "tht", "place": true}, {"pos_x": 166.98, "pos_y": -124.521367, "rotation": 0.0, "side": "top", "designator": "H33", "mpn": null, "pack": "MountingHole_3.2mm_M3_Pad", "value": "MountingHole_Pad", "mount_type": "tht", "place": true}, {"pos_x": 269.016234, "pos_y": -181.0, "rotation": 0.0, "side": "top", "designator": "H56", "mpn": null, "pack": "MountingHole_3.2mm_M3_Pad", "value": "MountingHole_Pad", "mount_type": "tht", "place": true}, {"pos_x": 234.516234, "pos_y": -207.5, "rotation": 0.0, "side": "top", "designator": "H64", "mpn": null, "pack": "MountingHole_2.2mm_M2_Pad", "value": "MountingHole_Pad", "mount_type": "tht", "place": true}, {"pos_x": 235.0, "pos_y": -290.5, "rotation": 180.0, "side": "top", "designator": "J40", "mpn": null, "pack": "Molex_PicoBlade_53261-0271_1x02-1MP_P1.25mm_Horizontal", "value": "53261-0271", "mount_type": "smt", "place": true}, {"pos_x": 383.134988, "pos_y": -183.291774, "rotation": -90.0, "side": "top", "designator": "J44", "mpn": null, "pack": "HDRV10W64P0X254_1X10_2540X248X838P", "value": "HTSW-110-07-G-S", "mount_type": "tht", "place": true}, {"pos_x": 215.24, "pos_y": -124.521367, "rotation": 0.0, "side": "top", "designator": "H37", "mpn": null, "pack": "MountingHole_3.2mm_M3_Pad", "value": "MountingHole_Pad", "mount_type": "tht", "place": true}, {"pos_x": 248.26, "pos_y": -124.521367, "rotation": 0.0, "side": "top", "designator": "H40", "mpn": null, "pack": "MountingHole_3.2mm_M3_Pad", "value": "MountingHole_Pad", "mount_type": "tht", "place": true}, {"pos_x": 388.406384, "pos_y": -291.892165, "rotation": 90.0, "side": "top", "designator": "RPF1", "mpn": null, "pack": "R_0603_1608Metric", "value": "68k", "mount_type": "smt", "place": true}, {"pos_x": 402.844, "pos_y": -87.122, "rotation": 180.0, "side": "top", "designator": "J29", "mpn": null, "pack": "PinSocket_1x10_P2.54mm_Vertical", "value": "CES-110-02-L-S", "mount_type": "tht", "place": true}, {"pos_x": 344.549305, "pos_y": -122.71313, "rotation": 0.0, "side": "top", "designator": "Annotation3", "mpn": null, "pack": "NSL_long", "value": "Silkscreen_Annotation", "mount_type": "smt", "place": true}, {"pos_x": 405.75, "pos_y": -302.75, "rotation": 0.0, "side": "top", "designator": "J72", "mpn": null, "pack": "Pin_D0.9mm_L10.0mm_W2.4mm_FlatFork", "value": "Conn_01x01_Socket", "mount_type": "tht", "place": true}, {"pos_x": 288.4, "pos_y": -239.75, "rotation": 90.0, "side": "top", "designator": "J51", "mpn": null, "pack": "Molex_PicoBlade_53261-1571_1x15-1MP_P1.25mm_Horizontal", "value": "53261-1471", "mount_type": "smt", "place": true}, {"pos_x": 153.167, "pos_y": -297.936, "rotation": 0.0, "side": "top", "designator": "H31", "mpn": null, "pack": "MountingHole_2.2mm_M2_Pad", "value": "MountingHole_Pad", "mount_type": "tht", "place": true}, {"pos_x": 172.710391, "pos_y": -128.158493, "rotation": 180.0, "side": "top", "designator": "REF**", "mpn": null, "pack": "Bridgemaker", "value": "Bridgemaker", "mount_type": "smt", "place": true}, {"pos_x": 219.281237, "pos_y": -185.974855, "rotation": 90.0, "side": "top", "designator": "J45", "mpn": null, "pack": "HDRV10W64P0X254_1X10_2540X248X838P", "value": "HTSW-110-07-G-S", "mount_type": "tht", "place": true}, {"pos_x": 310.98, "pos_y": -202.89, "rotation": 180.0, "side": "top", "designator": "J30", "mpn": null, "pack": "PinSocket_1x10_P2.54mm_Vertical", "value": "CES-110-02-L-S", "mount_type": "tht", "place": true}, {"pos_x": 402.848433, "pos_y": -92.235289, "rotation": 0.0, "side": "top", "designator": "H15", "mpn": null, "pack": "MountingHole_3.2mm_M3_Pad", "value": "MountingHole_Pad", "mount_type": "tht", "place": true}, {"pos_x": 373.227137, "pos_y": -303.75386, "rotation": 90.0, "side": "top", "designator": "IC1", "mpn": null, "pack": "ISL9120IRTNZ", "value": "ISL9120IRTNZ", "mount_type": "smt", "place": true}, {"pos_x": 370.176102, "pos_y": -302.666878, "rotation": -90.0, "side": "top", "designator": "C4", "mpn": null, "pack": "C_0603_1608Metric", "value": "22u", "mount_type": "smt", "place": true}, {"pos_x": 243.18, "pos_y": -157.541367, "rotation": 0.0, "side": "top", "designator": "J15", "mpn": null, "pack": "HDRV10W64P0X254_1X10_2540X248X838P", "value": "TLW-110-05-T-S", "mount_type": "tht", "place": true}, {"pos_x": 327.0, "pos_y": -100.384321, "rotation": -90.0, "side": "top", "designator": "Annotation2", "mpn": null, "pack": "GRSS", "value": "Silkscreen_Annotation", "mount_type": "smt", "place": true}, {"pos_x": 398.776102, "pos_y": -284.016878, "rotation": 180.0, "side": "top", "designator": "RFG2", "mpn": null, "pack": "R_0603_1608Metric", "value": "1k", "mount_type": "smt", "place": true}, {"pos_x": 220.552706, "pos_y": -258.435352, "rotation": 90.0, "side": "top", "designator": "J24", "mpn": null, "pack": "HDRV10W64P0X254_1X10_2540X248X838P", "value": "HTSW-110-07-G-S", "mount_type": "tht", "place": true}, {"pos_x": 389.926102, "pos_y": -302.466878, "rotation": 180.0, "side": "top", "designator": "R2", "mpn": null, "pack": "R_0603_1608Metric", "value": "2k", "mount_type": "smt", "place": true}, {"pos_x": 268.58, "pos_y": -75.565, "rotation": 90.0, "side": "top", "designator": "J11", "mpn": null, "pack": "PinSocket_1x10_P2.54mm_Vertical", "value": "CES-110-02-L-S", "mount_type": "tht", "place": true}, {"pos_x": 343.0, "pos_y": -297.22, "rotation": 0.0, "side": "top", "designator": "H55", "mpn": null, "pack": "MountingHole_2.2mm_M2_Pad", "value": "MountingHole_Pad", "mount_type": "tht", "place": true}, {"pos_x": 398.726102, "pos_y": -281.116878, "rotation": 180.0, "side": "top", "designator": "RFG3", "mpn": null, "pack": "R_0603_1608Metric", "value": "1k", "mount_type": "smt", "place": true}, {"pos_x": 344.0, "pos_y": -208.0, "rotation": 0.0, "side": "top", "designator": "H61", "mpn": null, "pack": "MountingHole_3.2mm_M3_Pad", "value": "MountingHole_Pad", "mount_type": "tht", "place": true}, {"pos_x": 166.98, "pos_y": -157.541367, "rotation": 0.0, "side": "top", "designator": "H36", "mpn": null, "pack": "MountingHole_3.2mm_M3_Pad", "value": "MountingHole_Pad", "mount_type": "tht", "place": true}, {"pos_x": 456.0, "pos_y": -236.0, "rotation": 0.0, "side": "top", "designator": "", "mpn": null, "pack": "", "value": "", "mount_type": "tht", "place": true}, {"pos_x": 456.0, "pos_y": -144.0, "rotation": 0.0, "side": "top", "designator": "", "mpn": null, "pack": "", "value": "", "mount_type": "tht", "place": true}, {"pos_x": 379.0, "pos_y": -100.0, "rotation": 90.0, "side": "top", "designator": "G***", "mpn": null, "pack": "upc_grande5", "value": "LOGO", "mount_type": "tht", "place": false}, {"pos_x": 435.991, "pos_y": -109.728, "rotation": 180.0, "side": "top", "designator": "mouse-bite-2.54mm-slot", "mpn": null, "pack": "mouse-bite-2.54mm-slot", "value": "VAL**", "mount_type": "tht", "place": true}, {"pos_x": 200.0, "pos_y": -80.645, "rotation": 0.0, "side": "top", "designator": "J4", "mpn": null, "pack": "PinSocket_1x10_P2.54mm_Vertical", "value": "CES-110-02-L-S", "mount_type": "tht", "place": true}, {"pos_x": 356.0, "pos_y": -263.0, "rotation": 0.0, "side": "top", "designator": "H77", "mpn": null, "pack": "MountingHole_3.2mm_M3_Pad", "value": "MountingHole_Pad", "mount_type": "tht", "place": true}, {"pos_x": 153.154, "pos_y": -249.0, "rotation": 180.0, "side": "top", "designator": "H67", "mpn": null, "pack": "MountingHole_3.2mm_M3_Pad", "value": "MountingHole_Pad", "mount_type": "tht", "place": true}, {"pos_x": 366.31531, "pos_y": -177.063485, "rotation": -90.0, "side": "top", "designator": "J36", "mpn": null, "pack": "Molex_PicoBlade_53261-1071_1x10-1MP_P1.25mm_Horizontal", "value": "Conn_01x11_MountingPin", "mount_type": "smt", "place": true}, {"pos_x": 215.24, "pos_y": -103.505, "rotation": 180.0, "side": "top", "designator": "J5", "mpn": null, "pack": "PinSocket_1x10_P2.54mm_Vertical", "value": "CES-110-02-L-S", "mount_type": "tht", "place": true}, {"pos_x": 190.985939, "pos_y": -185.964682, "rotation": 0.0, "side": "top", "designator": "H25", "mpn": null, "pack": "MountingHole_2.2mm_M2_Pad", "value": "MountingHole_Pad", "mount_type": "tht", "place": true}, {"pos_x": 294.959088, "pos_y": -191.596288, "rotation": 0.0, "side": "top", "designator": "J57", "mpn": null, "pack": "CES-102-02", "value": "CES-102-02-L-S", "mount_type": "tht", "place": true}, {"pos_x": 332.0, "pos_y": -269.22, "rotation": 0.0, "side": "top", "designator": "H51", "mpn": null, "pack": "MountingHole_2.2mm_M2_Pad", "value": "MountingHole_Pad", "mount_type": "tht", "place": true}, {"pos_x": 391.726102, "pos_y": -291.785375, "rotation": 90.0, "side": "top", "designator": "R4", "mpn": null, "pack": "ERJP03_PA3__0603_", "value": "ERJ-PA3F6201V", "mount_type": "smt", "place": true}, {"pos_x": 437.38, "pos_y": -300.6368, "rotation": 180.0, "side": "top", "designator": "J55", "mpn": null, "pack": "73099-2", "value": "73099-0", "mount_type": "tht", "place": true}, {"pos_x": 200.0, "pos_y": -75.565, "rotation": 0.0, "side": "top", "designator": "H2", "mpn": null, "pack": "MountingHole_3.2mm_M3_Pad", "value": "MountingHole_Pad", "mount_type": "tht", "place": true}, {"pos_x": 316.09, "pos_y": -174.98, "rotation": 90.0, "side": "top", "designator": "J32", "mpn": null, "pack": "PinSocket_1x10_P2.54mm_Vertical", "value": "CES-110-02-L-S", "mount_type": "tht", "place": true}, {"pos_x": 310.98, "pos_y": -174.98, "rotation": 0.0, "side": "top", "designator": "H62", "mpn": null, "pack": "MountingHole_3.2mm_M3_Pad", "value": "MountingHole_Pad", "mount_type": "tht", "place": true}, {"pos_x": 439.860061, "pos_y": -129.157318, "rotation": 180.0, "side": "top", "designator": "H20", "mpn": null, "pack": "MountingHole_2.2mm_M2_Pad", "value": "MountingHole_Pad", "mount_type": "tht", "place": true}, {"pos_x": 243.18, "pos_y": -108.585, "rotation": -90.0, "side": "top", "designator": "J6", "mpn": null, "pack": "PinSocket_1x10_P2.54mm_Vertical", "value": "CES-110-02-L-S", "mount_type": "tht", "place": true}, {"pos_x": 398.671705, "pos_y": -310.739501, "rotation": 90.0, "side": "top", "designator": "J71", "mpn": null, "pack": "HDRV3W60P0X200_1X3_600X200X525P", "value": "M22-2010305", "mount_type": "tht", "place": true}, {"pos_x": 363.034631, "pos_y": -232.685723, "rotation": 90.0, "side": "top", "designator": "J42", "mpn": null, "pack": "SAMTEC_TLW-108-05-T-S", "value": "TLW-108-05-T-S", "mount_type": "tht", "place": true}, {"pos_x": 215.282458, "pos_y": -152.472108, "rotation": -90.0, "side": "top", "designator": "J13", "mpn": null, "pack": "HDRV10W64P0X254_1X10_2540X248X838P", "value": "TLW-110-05-T-S", "mount_type": "tht", "place": true}, {"pos_x": 442.9, "pos_y": -78.2, "rotation": 90.0, "side": "top", "designator": "Annotation5", "mpn": null, "pack": "UPC_positiu", "value": "Silkscreen_Annotation", "mount_type": "smt", "place": true}, {"pos_x": 344.0, "pos_y": -174.98, "rotation": 0.0, "side": "top", "designator": "H69", "mpn": null, "pack": "MountingHole_3.2mm_M3_Pad", "value": "MountingHole_Pad", "mount_type": "tht", "place": true}, {"pos_x": 435.864, "pos_y": -64.262, "rotation": 0.0, "side": "top", "designator": "J61", "mpn": null, "pack": "PinSocket_1x10_P2.54mm_Vertical", "value": "CES-110-02-L-S", "mount_type": "tht", "place": true}, {"pos_x": 263.5, "pos_y": -108.585, "rotation": 0.0, "side": "top", "designator": "H11", "mpn": null, "pack": "MountingHole_3.2mm_M3_Pad", "value": "MountingHole_Pad", "mount_type": "tht", "place": true}, {"pos_x": 137.0, "pos_y": -201.0, "rotation": 0.0, "side": "top", "designator": "", "mpn": null, "pack": "", "value": "", "mount_type": "tht", "place": true}, {"pos_x": 279.25, "pos_y": -293.25, "rotation": 90.0, "side": "top", "designator": "J53", "mpn": null, "pack": "Molex_PicoBlade_53261-0271_1x02-1MP_P1.25mm_Horizontal", "value": "53261-0271", "mount_type": "smt", "place": true}, {"pos_x": 263.5, "pos_y": -75.565, "rotation": 0.0, "side": "top", "designator": "H9", "mpn": null, "pack": "MountingHole_3.2mm_M3_Pad", "value": "MountingHole_Pad", "mount_type": "tht", "place": true}, {"pos_x": 374.727102, "pos_y": -292.644878, "rotation": 90.0, "side": "top", "designator": "J68", "mpn": null, "pack": "HDRV3W60P0X200_1X3_600X200X525P", "value": "M22-2010305", "mount_type": "tht", "place": true}, {"pos_x": 390.182035, "pos_y": -291.911442, "rotation": -90.0, "side": "top", "designator": "RPF2", "mpn": null, "pack": "R_0603_1608Metric", "value": "147k", "mount_type": "smt", "place": true}, {"pos_x": 263.5, "pos_y": -124.521367, "rotation": 0.0, "side": "top", "designator": "H41", "mpn": null, "pack": "MountingHole_3.2mm_M3_Pad", "value": "MountingHole_Pad", "mount_type": "tht", "place": true}, {"pos_x": 296.52, "pos_y": -108.585, "rotation": 0.0, "side": "top", "designator": "H12", "mpn": null, "pack": "MountingHole_3.2mm_M3_Pad", "value": "MountingHole_Pad", "mount_type": "tht", "place": true}, {"pos_x": 351.0, "pos_y": -249.0, "rotation": 0.0, "side": "top", "designator": "J27", "mpn": null, "pack": "Molex_PicoBlade_53398-0871_1x08-1MP_P1.25mm_Vertical", "value": "Conn_01x08_MountingPin", "mount_type": "smt", "place": true}, {"pos_x": 319.786, "pos_y": -147.0, "rotation": 0.0, "side": "top", "designator": "J38", "mpn": null, "pack": "Molex_PicoBlade_53261-0971_1x09-1MP_P1.25mm_Horizontal", "value": "Conn_01x11_MountingPin", "mount_type": "smt", "place": true}, {"pos_x": 174.260391, "pos_y": -126.333493, "rotation": 180.0, "side": "top", "designator": "Annotation1", "mpn": null, "pack": "Bike", "value": "Silkscreen_Annotation", "mount_type": "smt", "place": true}, {"pos_x": 301.0, "pos_y": -283.22, "rotation": 0.0, "side": "top", "designator": "H50", "mpn": null, "pack": "MountingHole_2.2mm_M2_Pad", "value": "MountingHole_Pad", "mount_type": "tht", "place": true}, {"pos_x": 327.273603, "pos_y": -117.0, "rotation": 0.0, "side": "top", "designator": "H48", "mpn": null, "pack": "MountingHole_3.2mm_M3_Pad", "value": "MountingHole_Pad", "mount_type": "tht", "place": true}, {"pos_x": 263.5, "pos_y": -157.541367, "rotation": 0.0, "side": "top", "designator": "H44", "mpn": null, "pack": "MountingHole_3.2mm_M3_Pad", "value": "MountingHole_Pad", "mount_type": "tht", "place": true}, {"pos_x": 166.98, "pos_y": -75.565, "rotation": 0.0, "side": "top", "designator": "H1", "mpn": null, "pack": "MountingHole_3.2mm_M3_Pad", "value": "MountingHole_Pad", "mount_type": "tht", "place": true}, {"pos_x": 343.979203, "pos_y": -81.0058, "rotation": 0.0, "side": "top", "designator": "Annotation5", "mpn": null, "pack": "UPC_positiu", "value": "Silkscreen_Annotation", "mount_type": "smt", "place": true}, {"pos_x": 172.06, "pos_y": -75.565, "rotation": 90.0, "side": "top", "designator": "J1", "mpn": null, "pack": "PinSocket_1x10_P2.54mm_Vertical", "value": "CES-110-02-L-S", "mount_type": "tht", "place": true}, {"pos_x": 440.0, "pos_y": -279.0, "rotation": 0.0, "side": "top", "designator": "H82", "mpn": null, "pack": "MountingHole_3.2mm_M3_Pad", "value": "MountingHole_Pad", "mount_type": "tht", "place": true}, {"pos_x": 344.0, "pos_y": -180.06, "rotation": 0.0, "side": "top", "designator": "J33", "mpn": null, "pack": "PinSocket_1x10_P2.54mm_Vertical", "value": "CES-110-02-L-S", "mount_type": "tht", "place": true}, {"pos_x": 248.26, "pos_y": -75.565, "rotation": 0.0, "side": "top", "designator": "H7", "mpn": null, "pack": "MountingHole_3.2mm_M3_Pad", "value": "MountingHole_Pad", "mount_type": "tht", "place": true}, {"pos_x": 351.433056, "pos_y": -132.701719, "rotation": 180.0, "side": "top", "designator": "J50", "mpn": null, "pack": "Molex_PicoBlade_53261-0971_1x09-1MP_P1.25mm_Horizontal", "value": "Conn_01x11_MountingPin", "mount_type": "smt", "place": true}, {"pos_x": 376.449358, "pos_y": -301.066878, "rotation": -90.0, "side": "top", "designator": "C5", "mpn": null, "pack": "C_0603_1608Metric", "value": "10u", "mount_type": "smt", "place": true}, {"pos_x": 285.0, "pos_y": -191.535784, "rotation": 180.0, "side": "top", "designator": "J56", "mpn": null, "pack": "CES-102-02", "value": "CES-102-02-L-S", "mount_type": "tht", "place": true}, {"pos_x": 380.507631, "pos_y": -304.797606, "rotation": 90.0, "side": "top", "designator": "Q1", "mpn": null, "pack": "SIR424DP", "value": "~", "mount_type": "smt", "place": true}, {"pos_x": 439.860061, "pos_y": -169.035318, "rotation": 180.0, "side": "top", "designator": "H19", "mpn": null, "pack": "MountingHole_2.2mm_M2_Pad", "value": "MountingHole_Pad", "mount_type": "tht", "place": true}, {"pos_x": 296.52, "pos_y": -75.565, "rotation": 0.0, "side": "top", "designator": "H10", "mpn": null, "pack": "MountingHole_3.2mm_M3_Pad", "value": "MountingHole_Pad", "mount_type": "tht", "place": true}, {"pos_x": 443.344723, "pos_y": -101.737214, "rotation": 180.0, "side": "top", "designator": "J67", "mpn": null, "pack": "HDRRA40W64P254_2X20_5080X254X508P", "value": "61304021021", "mount_type": "tht", "place": true}, {"pos_x": 191.0, "pos_y": -235.0, "rotation": 90.0, "side": "top", "designator": "H60", "mpn": null, "pack": "MountingHole_3.2mm_M3_Pad", "value": "MountingHole_Pad", "mount_type": "tht", "place": true}, {"pos_x": 248.26, "pos_y": -108.585, "rotation": 0.0, "side": "top", "designator": "H8", "mpn": null, "pack": "MountingHole_3.2mm_M3_Pad", "value": "MountingHole_Pad", "mount_type": "tht", "place": true}, {"pos_x": 402.154, "pos_y": -202.0, "rotation": 0.0, "side": "top", "designator": "H71", "mpn": null, "pack": "MountingHole_3.2mm_M3_Pad", "value": "MountingHole_Pad", "mount_type": "tht", "place": true}, {"pos_x": 153.0, "pos_y": -177.0, "rotation": 90.0, "side": "top", "designator": "H59", "mpn": null, "pack": "MountingHole_3.2mm_M3_Pad", "value": "MountingHole_Pad", "mount_type": "tht", "place": true}, {"pos_x": 378.417511, "pos_y": -276.192396, "rotation": -90.0, "side": "top", "designator": "D2", "mpn": null, "pack": "RBS1LAM40ATR_Schottky", "value": "type=\"D\" model=\"RBS1LAM40ATR\" lib=\"\"", "mount_type": "smt", "place": true}, {"pos_x": 456.0, "pos_y": -226.0, "rotation": 0.0, "side": "top", "designator": "", "mpn": null, "pack": "", "value": "", "mount_type": "tht", "place": true}, {"pos_x": 343.623603, "pos_y": -106.101, "rotation": 0.0, "side": "top", "designator": "Annotation1", "mpn": null, "pack": "IEEE_logo", "value": "Silkscreen_Annotation", "mount_type": "smt", "place": true}, {"pos_x": 268.58, "pos_y": -124.521367, "rotation": 180.0, "side": "top", "designator": "J21", "mpn": null, "pack": "HDRV10W64P0X254_1X10_2540X248X838P", "value": "TLW-110-05-T-S", "mount_type": "tht", "place": true}, {"pos_x": 258.75, "pos_y": -291.98, "rotation": -90.0, "side": "top", "designator": "J73", "mpn": null, "pack": "872242", "value": "87224-2", "mount_type": "tht", "place": true}, {"pos_x": 191.013, "pos_y": -258.058, "rotation": 0.0, "side": "top", "designator": "H30", "mpn": null, "pack": "MountingHole_2.2mm_M2_Pad", "value": "MountingHole_Pad", "mount_type": "tht", "place": true}, {"pos_x": 391.698214, "pos_y": -298.147988, "rotation": 90.0, "side": "top", "designator": "U1", "mpn": null, "pack": "QFN-24-1EP_4x5mm_P0.5mm_EP2.65x3.65mm", "value": "LTC4040EUFD#PBF", "mount_type": "smt", "place": true}, {"pos_x": 398.269413, "pos_y": -293.73483, "rotation": 0.0, "side": "top", "designator": "RFB2", "mpn": null, "pack": "R_0402_1005Metric", "value": "255k", "mount_type": "smt", "place": true}, {"pos_x": 288.0, "pos_y": -317.0, "rotation": 0.0, "side": "top", "designator": "H76", "mpn": null, "pack": "MountingHole_3.2mm_M3_Pad", "value": "MountingHole_Pad", "mount_type": "tht", "place": true}, {"pos_x": 289.951596, "pos_y": -192.840456, "rotation": 90.0, "side": "top", "designator": "J66", "mpn": null, "pack": "872242", "value": "87224-2", "mount_type": "tht", "place": true}, {"pos_x": 360.159003, "pos_y": -100.7416, "rotation": 90.0, "side": "top", "designator": "Annotation4", "mpn": null, "pack": "Telecos", "value": "Silkscreen_Annotation", "mount_type": "smt", "place": true}, {"pos_x": 190.985939, "pos_y": -225.842682, "rotation": 0.0, "side": "top", "designator": "H28", "mpn": null, "pack": "MountingHole_2.2mm_M2_Pad", "value": "MountingHole_Pad", "mount_type": "tht", "place": true}, {"pos_x": 440.0, "pos_y": -250.942, "rotation": 180.0, "side": "top", "designator": "H22", "mpn": null, "pack": "MountingHole_2.2mm_M2_Pad", "value": "MountingHole_Pad", "mount_type": "tht", "place": true}, {"pos_x": 398.269413, "pos_y": -295.76683, "rotation": 0.0, "side": "top", "designator": "RP_FAULT1", "mpn": null, "pack": "R_0805_2012Metric", "value": "5k", "mount_type": "smt", "place": true}, {"pos_x": 263.5, "pos_y": -103.505, "rotation": 180.0, "side": "top", "designator": "J9", "mpn": null, "pack": "PinSocket_1x10_P2.54mm_Vertical", "value": "CES-110-02-L-S", "mount_type": "tht", "place": true}, {"pos_x": 312.0, "pos_y": -269.22, "rotation": 0.0, "side": "top", "designator": "H49", "mpn": null, "pack": "MountingHole_2.2mm_M2_Pad", "value": "MountingHole_Pad", "mount_type": "tht", "place": true}, {"pos_x": 383.345, "pos_y": -295.366153, "rotation": 180.0, "side": "top", "designator": "L1", "mpn": null, "pack": "XAL5030222MEC", "value": "XAL5030-222MEC", "mount_type": "smt", "place": true}, {"pos_x": 407.924, "pos_y": -59.182, "rotation": 90.0, "side": "top", "designator": "J59", "mpn": null, "pack": "PinSocket_1x10_P2.54mm_Vertical", "value": "CES-110-02-L-S", "mount_type": "tht", "place": true}, {"pos_x": 392.126102, "pos_y": -308.496878, "rotation": -90.0, "side": "top", "designator": "Q2", "mpn": null, "pack": "SIR424DP", "value": "~", "mount_type": "smt", "place": true}, {"pos_x": 360.273603, "pos_y": -117.0, "rotation": 0.0, "side": "top", "designator": "H46", "mpn": null, "pack": "MountingHole_3.2mm_M3_Pad", "value": "MountingHole_Pad", "mount_type": "tht", "place": true}, {"pos_x": 415.0, "pos_y": -190.6, "rotation": 180.0, "side": "top", "designator": "J48", "mpn": null, "pack": "Molex_PicoBlade_53261-1071_1x10-1MP_P1.25mm_Horizontal", "value": "Conn_01x11_MountingPin", "mount_type": "smt", "place": true}, {"pos_x": 440.0, "pos_y": -211.064, "rotation": 180.0, "side": "top", "designator": "H23", "mpn": null, "pack": "MountingHole_2.2mm_M2_Pad", "value": "MountingHole_Pad", "mount_type": "tht", "place": true}, {"pos_x": 153.139939, "pos_y": -185.964682, "rotation": 0.0, "side": "top", "designator": "H26", "mpn": null, "pack": "MountingHole_2.2mm_M2_Pad", "value": "MountingHole_Pad", "mount_type": "tht", "place": true}, {"pos_x": 269.016234, "pos_y": -214.0, "rotation": 0.0, "side": "top", "designator": "H57", "mpn": null, "pack": "MountingHole_3.2mm_M3_Pad", "value": "MountingHole_Pad", "mount_type": "tht", "place": true}, {"pos_x": 137.0, "pos_y": -283.0, "rotation": 0.0, "side": "top", "designator": "", "mpn": null, "pack": "", "value": "", "mount_type": "tht", "place": true}, {"pos_x": 398.269413, "pos_y": -297.92583, "rotation": 0.0, "side": "top", "designator": "RP_CHRG1", "mpn": null, "pack": "R_0805_2012Metric", "value": "5k", "mount_type": "smt", "place": true}, {"pos_x": 194.92, "pos_y": -108.585, "rotation": -90.0, "side": "top", "designator": "J3", "mpn": null, "pack": "PinSocket_1x10_P2.54mm_Vertical", "value": "CES-110-02-L-S", "mount_type": "tht", "place": true}, {"pos_x": 402.014061, "pos_y": -169.035318, "rotation": 180.0, "side": "top", "designator": "H17", "mpn": null, "pack": "MountingHole_2.2mm_M2_Pad", "value": "MountingHole_Pad", "mount_type": "tht", "place": true}, {"pos_x": 456.0, "pos_y": -154.0, "rotation": 0.0, "side": "top", "designator": "", "mpn": null, "pack": "", "value": "", "mount_type": "tht", "place": true}, {"pos_x": 271.659616, "pos_y": -292.055693, "rotation": -90.0, "side": "top", "designator": "J64", "mpn": null, "pack": "872242", "value": "87224-2", "mount_type": "tht", "place": true}, {"pos_x": 393.126102, "pos_y": -302.466878, "rotation": 180.0, "side": "top", "designator": "C1", "mpn": null, "pack": "C_0603_1608Metric", "value": "2.2u", "mount_type": "smt", "place": true}, {"pos_x": 210.0, "pos_y": -228.0, "rotation": 0.0, "side": "top", "designator": "Annotation1", "mpn": null, "pack": "GRSS", "value": "Silkscreen_Annotation", "mount_type": "smt", "place": true}, {"pos_x": 389.264902, "pos_y": -66.299454, "rotation": 90.0, "side": "top", "designator": "mouse-bite-2.54mm-slot", "mpn": null, "pack": "mouse-bite-2.54mm-slot", "value": "VAL**", "mount_type": "tht", "place": true}, {"pos_x": 255.98, "pos_y": -56.0, "rotation": 180.0, "side": "top", "designator": "J58", "mpn": null, "pack": "SSQ-120-XX-YYY-D", "value": "SSQ-120-01-L-D", "mount_type": "tht", "place": true}, {"pos_x": 356.0, "pos_y": -317.0, "rotation": 0.0, "side": "top", "designator": "H78", "mpn": null, "pack": "MountingHole_3.2mm_M3_Pad", "value": "MountingHole_Pad", "mount_type": "tht", "place": true}, {"pos_x": 236.016234, "pos_y": -214.0, "rotation": 0.0, "side": "top", "designator": "H58", "mpn": null, "pack": "MountingHole_3.2mm_M3_Pad", "value": "MountingHole_Pad", "mount_type": "tht", "place": true}, {"pos_x": 310.98, "pos_y": -208.0, "rotation": 0.0, "side": "top", "designator": "H68", "mpn": null, "pack": "MountingHole_3.2mm_M3_Pad", "value": "MountingHole_Pad", "mount_type": "tht", "place": true}, {"pos_x": 382.0, "pos_y": -59.0, "rotation": 0.0, "side": "top", "designator": "H79", "mpn": null, "pack": "MountingHole_3.2mm_M3_Pad", "value": "MountingHole_Pad", "mount_type": "tht", "place": true}, {"pos_x": 435.847758, "pos_y": -59.193309, "rotation": 0.0, "side": "top", "designator": "H14", "mpn": null, "pack": "MountingHole_3.2mm_M3_Pad", "value": "MountingHole_Pad", "mount_type": "tht", "place": true}, {"pos_x": 234.516234, "pos_y": -187.5, "rotation": 0.0, "side": "top", "designator": "H66", "mpn": null, "pack": "MountingHole_2.2mm_M2_Pad", "value": "MountingHole_Pad", "mount_type": "tht", "place": true}, {"pos_x": 191.0, "pos_y": -307.0, "rotation": 180.0, "side": "top", "designator": "H70", "mpn": null, "pack": "MountingHole_3.2mm_M3_Pad", "value": "MountingHole_Pad", "mount_type": "tht", "place": true}, {"pos_x": 137.0, "pos_y": -273.0, "rotation": 0.0, "side": "top", "designator": "", "mpn": null, "pack": "", "value": "", "mount_type": "tht", "place": true}, {"pos_x": 402.154, "pos_y": -211.064, "rotation": 180.0, "side": "top", "designator": "H24", "mpn": null, "pack": "MountingHole_2.2mm_M2_Pad", "value": "MountingHole_Pad", "mount_type": "tht", "place": true}, {"pos_x": 386.914386, "pos_y": -301.716878, "rotation": -90.0, "side": "top", "designator": "C3", "mpn": null, "pack": "C_1206_3216Metric", "value": "100u", "mount_type": "smt", "place": true}, {"pos_x": 360.273603, "pos_y": -84.0, "rotation": 0.0, "side": "top", "designator": "H45", "mpn": null, "pack": "MountingHole_3.2mm_M3_Pad", "value": "MountingHole_Pad", "mount_type": "tht", "place": true}, {"pos_x": 219.426707, "pos_y": -227.185845, "rotation": 0.0, "side": "top", "designator": "Annotation4", "mpn": null, "pack": "Telecos", "value": "Silkscreen_Annotation", "mount_type": "smt", "place": true}, {"pos_x": 236.016234, "pos_y": -181.0, "rotation": 0.0, "side": "top", "designator": "H52", "mpn": null, "pack": "MountingHole_3.2mm_M3_Pad", "value": "MountingHole_Pad", "mount_type": "tht", "place": true}, {"pos_x": 194.92, "pos_y": -157.541367, "rotation": 0.0, "side": "top", "designator": "J19", "mpn": null, "pack": "HDRV10W64P0X254_1X10_2540X248X838P", "value": "TLW-110-05-T-S", "mount_type": "tht", "place": true}, {"pos_x": 327.446103, "pos_y": -83.9289, "rotation": 0.0, "side": "top", "designator": "H47", "mpn": null, "pack": "MountingHole_3.2mm_M3_Pad", "value": "MountingHole_Pad", "mount_type": "tht", "place": true}, {"pos_x": 347.336751, "pos_y": -240.7946, "rotation": 90.0, "side": "top", "designator": "J25", "mpn": null, "pack": "SHF10501LDTH", "value": "SHF-105-01-L-D-TH", "mount_type": "tht", "place": true}, {"pos_x": 343.0, "pos_y": -283.22, "rotation": 0.0, "side": "top", "designator": "H54", "mpn": null, "pack": "MountingHole_2.2mm_M2_Pad", "value": "MountingHole_Pad", "mount_type": "tht", "place": true}, {"pos_x": 139.0, "pos_y": -59.0, "rotation": 0.0, "side": "top", "designator": "H80", "mpn": null, "pack": "MountingHole_3.2mm_M3_Pad", "value": "MountingHole_Pad", "mount_type": "tht", "place": true}, {"pos_x": 252.566931, "pos_y": -184.920381, "rotation": 0.0, "side": "top", "designator": "Annotation1", "mpn": null, "pack": "Bridgemaker", "value": "Silkscreen_Annotation", "mount_type": "smt", "place": true}, {"pos_x": 215.24, "pos_y": -157.541367, "rotation": 0.0, "side": "top", "designator": "H38", "mpn": null, "pack": "MountingHole_3.2mm_M3_Pad", "value": "MountingHole_Pad", "mount_type": "tht", "place": true}, {"pos_x": 200.0, "pos_y": -157.541367, "rotation": 0.0, "side": "top", "designator": "H35", "mpn": null, "pack": "MountingHole_3.2mm_M3_Pad", "value": "MountingHole_Pad", "mount_type": "tht", "place": true}, {"pos_x": 217.25, "pos_y": -298.75, "rotation": 0.0, "side": "top", "designator": "G***", "mpn": null, "pack": "blackcatsmall", "value": "LOGO", "mount_type": "tht", "place": false}, {"pos_x": 248.26, "pos_y": -157.541367, "rotation": 0.0, "side": "top", "designator": "H39", "mpn": null, "pack": "MountingHole_3.2mm_M3_Pad", "value": "MountingHole_Pad", "mount_type": "tht", "place": true}, {"pos_x": 366.111415, "pos_y": -205.949778, "rotation": -90.0, "side": "top", "designator": "J35", "mpn": null, "pack": "Molex_PicoBlade_53261-1071_1x10-1MP_P1.25mm_Horizontal", "value": "Conn_01x11_MountingPin", "mount_type": "smt", "place": true}, {"pos_x": 166.98, "pos_y": -108.585, "rotation": 0.0, "side": "top", "designator": "H3", "mpn": null, "pack": "MountingHole_3.2mm_M3_Pad", "value": "MountingHole_Pad", "mount_type": "tht", "place": true}, {"pos_x": 440.0, "pos_y": -260.0, "rotation": 0.0, "side": "top", "designator": "H72", "mpn": null, "pack": "MountingHole_3.2mm_M3_Pad", "value": "MountingHole_Pad", "mount_type": "tht", "place": true}, {"pos_x": 291.44, "pos_y": -157.795367, "rotation": 0.0, "side": "top", "designator": "J22", "mpn": null, "pack": "HDRV10W64P0X254_1X10_2540X248X838P", "value": "TLW-110-05-T-S", "mount_type": "tht", "place": true}, {"pos_x": 191.013, "pos_y": -297.936, "rotation": 0.0, "side": "top", "designator": "H32", "mpn": null, "pack": "MountingHole_2.2mm_M2_Pad", "value": "MountingHole_Pad", "mount_type": "tht", "place": true}, {"pos_x": 167.008776, "pos_y": -152.472313, "rotation": -90.0, "side": "top", "designator": "J20", "mpn": null, "pack": "HDRV10W64P0X254_1X10_2540X248X838P", "value": "TLW-110-05-T-S", "mount_type": "tht", "place": true}, {"pos_x": 288.0, "pos_y": -263.0, "rotation": 0.0, "side": "top", "designator": "H75", "mpn": null, "pack": "MountingHole_3.2mm_M3_Pad", "value": "MountingHole_Pad", "mount_type": "tht", "place": true}, {"pos_x": 338.92, "pos_y": -208.0, "rotation": -90.0, "side": "top", "designator": "J31", "mpn": null, "pack": "PinSocket_1x10_P2.54mm_Vertical", "value": "CES-110-02-L-S", "mount_type": "tht", "place": true}, {"pos_x": 398.650413, "pos_y": -292.08383, "rotation": 0.0, "side": "top", "designator": "RFB1", "mpn": null, "pack": "R_0603_1608Metric", "value": "68k", "mount_type": "smt", "place": true}, {"pos_x": 321.75, "pos_y": -228.6, "rotation": 180.0, "side": "top", "designator": "J39", "mpn": null, "pack": "Molex_PicoBlade_53261-1571_1x15-1MP_P1.25mm_Horizontal", "value": "53261-1471", "mount_type": "smt", "place": true}, {"pos_x": 215.24, "pos_y": -108.585, "rotation": 0.0, "side": "top", "designator": "H6", "mpn": null, "pack": "MountingHole_3.2mm_M3_Pad", "value": "MountingHole_Pad", "mount_type": "tht", "place": true}, {"pos_x": 214.577388, "pos_y": -217.985439, "rotation": 0.0, "side": "top", "designator": "Annotation2", "mpn": null, "pack": "IEEE_logo", "value": "Silkscreen_Annotation", "mount_type": "smt", "place": true}, {"pos_x": 200.0, "pos_y": -124.521367, "rotation": 0.0, "side": "top", "designator": "H34", "mpn": null, "pack": "MountingHole_3.2mm_M3_Pad", "value": "MountingHole_Pad", "mount_type": "tht", "place": true}, {"pos_x": 402.014061, "pos_y": -129.157318, "rotation": 180.0, "side": "top", "designator": "H18", "mpn": null, "pack": "MountingHole_2.2mm_M2_Pad", "value": "MountingHole_Pad", "mount_type": "tht", "place": true}, {"pos_x": 394.57673, "pos_y": -284.033737, "rotation": 180.0, "side": "top", "designator": "RFV2", "mpn": null, "pack": "R_0603_1608Metric", "value": "1k", "mount_type": "smt", "place": true}, {"pos_x": 239.682, "pos_y": -225.0, "rotation": 180.0, "side": "top", "designator": "J65", "mpn": null, "pack": "54101S0803LF", "value": "54101-S0803LF", "mount_type": "tht", "place": true}, {"pos_x": 172.06, "pos_y": -124.521367, "rotation": 180.0, "side": "top", "designator": "J17", "mpn": null, "pack": "HDRV10W64P0X254_1X10_2540X248X838P", "value": "TLW-110-05-T-S", "mount_type": "tht", "place": true}, {"pos_x": 137.0, "pos_y": -211.0, "rotation": 0.0, "side": "top", "designator": "", "mpn": null, "pack": "", "value": "", "mount_type": "tht", "place": true}, {"pos_x": 200.0, "pos_y": -108.585, "rotation": 0.0, "side": "top", "designator": "H4", "mpn": null, "pack": "MountingHole_3.2mm_M3_Pad", "value": "MountingHole_Pad", "mount_type": "tht", "place": true}, {"pos_x": 439.860061, "pos_y": -178.0, "rotation": 0.0, "side": "top", "designator": "H74", "mpn": null, "pack": "MountingHole_3.2mm_M3_Pad", "value": "MountingHole_Pad", "mount_type": "tht", "place": true}, {"pos_x": 394.536102, "pos_y": -281.116878, "rotation": 180.0, "side": "top", "designator": "RFV3", "mpn": null, "pack": "R_0603_1608Metric", "value": "1k", "mount_type": "smt", "place": true}, {"pos_x": 381.0, "pos_y": -243.0, "rotation": 0.0, "side": "top", "designator": "J28", "mpn": null, "pack": "Molex_PicoBlade_53398-0871_1x08-1MP_P1.25mm_Vertical", "value": "Conn_01x08_MountingPin", "mount_type": "smt", "place": true}, {"pos_x": 153.167, "pos_y": -258.058, "rotation": 0.0, "side": "top", "designator": "H29", "mpn": null, "pack": "MountingHole_2.2mm_M2_Pad", "value": "MountingHole_Pad", "mount_type": "tht", "place": true}, {"pos_x": 303.153241, "pos_y": -236.764875, "rotation": 0.0, "side": "top", "designator": "J63", "mpn": null, "pack": "HDRV15W66P0X254_1X15_3810X249X838P", "value": "22-28-4153", "mount_type": "tht", "place": true}, {"pos_x": 402.906507, "pos_y": -59.185761, "rotation": 0.0, "side": "top", "designator": "H13", "mpn": null, "pack": "MountingHole_3.2mm_M3_Pad", "value": "MountingHole_Pad", "mount_type": "tht", "place": true}, {"pos_x": 296.52, "pos_y": -157.541367, "rotation": 0.0, "side": "top", "designator": "H43", "mpn": null, "pack": "MountingHole_3.2mm_M3_Pad", "value": "MountingHole_Pad", "mount_type": "tht", "place": true}, {"pos_x": 290.0, "pos_y": -177.0, "rotation": 90.0, "side": "top", "designator": "J37", "mpn": null, "pack": "Molex_PicoBlade_53261-1071_1x10-1MP_P1.25mm_Horizontal", "value": "Conn_01x11_MountingPin", "mount_type": "smt", "place": true}, {"pos_x": 418.8, "pos_y": -300.6368, "rotation": 180.0, "side": "top", "designator": "J54", "mpn": null, "pack": "73099-2", "value": "73099-2", "mount_type": "tht", "place": true}, {"pos_x": 407.042036, "pos_y": -306.367566, "rotation": 180.0, "side": "top", "designator": "F1", "mpn": null, "pack": "FUSC3116X70N", "value": "SF-1206S080-2", "mount_type": "smt", "place": true}, {"pos_x": 248.26, "pos_y": -80.645, "rotation": 0.0, "side": "top", "designator": "J8", "mpn": null, "pack": "PinSocket_1x10_P2.54mm_Vertical", "value": "CES-110-02-L-S", "mount_type": "tht", "place": true}, {"pos_x": 220.587331, "pos_y": -90.400781, "rotation": 0.0, "side": "top", "designator": "Annotation1", "mpn": null, "pack": "Bridgemaker", "value": "Silkscreen_Annotation", "mount_type": "smt", "place": true}, {"pos_x": 394.59474, "pos_y": -286.909215, "rotation": 180.0, "side": "top", "designator": "RFV1", "mpn": null, "pack": "R_0603_1608Metric", "value": "1k", "mount_type": "smt", "place": true}, {"pos_x": 237.0, "pos_y": -232.415, "rotation": 180.0, "side": "bottom", "designator": "J52", "mpn": null, "pack": "Picoclasp03", "value": "Pico-Clasp_01x03", "mount_type": "smt", "place": true}, {"pos_x": 337.058, "pos_y": -146.92, "rotation": 180.0, "side": "bottom", "designator": "J41", "mpn": null, "pack": "Picoclasp03", "value": "Pico-Clasp_01x03", "mount_type": "smt", "place": true}]