﻿pos_x,pos_y,rotation,side,designator,mpn,pack,value,mount_type,place
99.13,-68.3084,0.0,top,Annotation1,,Bridgemaker,Silkscreen_Annotation,smt,True
99.9428,-51.5952,-90.0,top,C1,,C_0603_1608Metric,1 uF,smt,True
97.6568,-45.804,180.0,bottom,D1,,SLCD-61N8,SLCD-61N8,smt,True
107.4,-55.583,90.0,top,GA0,,R_0805_2012Metric,0R,smt,True
109.601,-55.583,90.0,top,GA1,,R_0805_2012Metric,0R,smt,True
111.952,-55.583,90.0,top,GA2,,R_0805_2012Metric,0R,smt,True
81.05,-46.05,0.0,top,H1,,MountingHole_2.2mm_M2_Pad,MountingHole_Pad,tht,True
119.0,-46.0,0.0,top,H2,,MountingHole_2.2mm_M2_Pad,MountingHole_Pad,tht,True
121.0,-87.0,0.0,top,H3,,MountingHole_2.2mm_M2_Pad,MountingHole_Pad,tht,True
79.0,-84.0,0.0,top,H4,,MountingHole_2.2mm_M2_Pad,MountingHole_Pad,tht,True
78.5052,-66.0224,0.0,top,H5,,MountingHole_2.2mm_M2_DIN965_Pad_TopOnly,MountingHole_Pad,tht,True
103.6,-53.432,90.0,top,IC1,,TCN75AVOA,TCN75AVOA713,smt,True
107.653617,-63.118784,0.0,top,J1,,Molex_PicoBlade_53261-1071_1x10-1MP_P1.25mm_Horizontal,Conn_01x11_MountingPin,smt,True
83.89,-66.0224,-90.0,top,J2,,C.FL-R-SMT-1(90),connector-coax,smt,True
96.1836,-50.884,-90.0,top,NT1,,NetTie-2_SMD_Pad0.5mm,NetTie_2,tht,True
113.91,-88.8712,90.0,bottom,SC1,,Lighttricity_S3040_CIC,~,smt,True
120.974,-59.647,-90.0,bottom,THT1,,R_Axial_DIN0309_L9.0mm_D3.2mm_P12.70mm_Horizontal,7.5,tht,True
107.385,-50.884,90.0,top,VA0,,R_0805_2012Metric,0R,smt,True
109.651,-50.884,90.0,top,VA1,,R_0805_2012Metric,0R,smt,True
112.002,-50.884,90.0,top,VA2,,R_0805_2012Metric,0R,smt,True
