﻿designator,quantity,value,pack,mpn,mount_type
Annotation1,1,Silkscreen_Annotation,Bridgemaker,,smt
C1,1,1 uF,C_0603_1608Metric,,smt
D1,1,SLCD-61N8,SLCD-61N8,,smt
"GA0, GA1, GA2, VA0, VA1, VA2",6,0R,R_0805_2012Metric,,smt
"H1, H2, H3, H4",4,MountingHole_Pad,MountingHole_2.2mm_M2_Pad,,tht
H5,1,MountingHole_Pad,MountingHole_2.2mm_M2_DIN965_Pad_TopOnly,,tht
IC1,1,TCN75AVOA713,TCN75AVOA,,smt
J1,1,Conn_01x11_MountingPin,Molex_PicoBlade_53261-1071_1x10-1MP_P1.25mm_Horizontal,,smt
J2,1,connector-coax,C.FL-R-SMT-1(90),,smt
NT1,1,NetTie_2,NetTie-2_SMD_Pad0.5mm,,tht
SC1,1,~,Lighttricity_S3040_CIC,,smt
THT1,1,7.5,R_Axial_DIN0309_L9.0mm_D3.2mm_P12.70mm_Horizontal,,tht
