[{"pos_x": 24.918, "pos_y": 41.6725, "rotation": 180.0, "side": "top", "designator": "D1", "mpn": null, "pack": "SLCD-61N8", "value": "SLCD-61N8", "mount_type": "smt", "place": true}, {"pos_x": 8.6765, "pos_y": 41.5651, "rotation": 0.0, "side": "top", "designator": "H1", "mpn": null, "pack": "MountingHole_3.2mm_M3_ISO14580_Pad", "value": "MountingHole_Pad", "mount_type": "tht", "place": true}, {"pos_x": 24.7904, "pos_y": 5.5118, "rotation": 180.0, "side": "top", "designator": "Annotation5", "mpn": null, "pack": "UPC_positiu", "value": "Silkscreen_Annotation", "mount_type": "smt", "place": true}, {"pos_x": 41.504, "pos_y": 41.494, "rotation": 0.0, "side": "top", "designator": "H2", "mpn": null, "pack": "MountingHole_3.2mm_M3_ISO14580_Pad", "value": "MountingHole_Pad", "mount_type": "tht", "place": true}, {"pos_x": 25.146, "pos_y": 30.607, "rotation": 180.0, "side": "top", "designator": "Annotation1", "mpn": null, "pack": "IEEE_logo", "value": "Silkscreen_Annotation", "mount_type": "smt", "place": true}, {"pos_x": 24.220298, "pos_y": 47.21913, "rotation": 180.0, "side": "top", "designator": "Annotation3", "mpn": null, "pack": "NSL_long", "value": "Silkscreen_Annotation", "mount_type": "smt", "place": true}, {"pos_x": 41.769603, "pos_y": 24.890321, "rotation": 90.0, "side": "top", "designator": "Annotation2", "mpn": null, "pack": "GRSS", "value": "Silkscreen_Annotation", "mount_type": "smt", "place": true}, {"pos_x": 41.504, "pos_y": 8.494, "rotation": 0.0, "side": "top", "designator": "H3", "mpn": null, "pack": "MountingHole_3.2mm_M3_ISO14580_Pad", "value": "MountingHole_Pad", "mount_type": "tht", "place": true}, {"pos_x": 8.504, "pos_y": 8.494, "rotation": 0.0, "side": "top", "designator": "H4", "mpn": null, "pack": "MountingHole_3.2mm_M3_ISO14580_Pad", "value": "MountingHole_Pad", "mount_type": "tht", "place": true}, {"pos_x": 8.6106, "pos_y": 25.2476, "rotation": -90.0, "side": "top", "designator": "Annotation4", "mpn": null, "pack": "Telecos", "value": "Silkscreen_Annotation", "mount_type": "smt", "place": true}, {"pos_x": 25.07, "pos_y": 18.087, "rotation": 0.0, "side": "top", "designator": "H5", "mpn": null, "pack": "MountingHole_8.4mm_M8", "value": "MountingHole", "mount_type": "tht", "place": true}, {"pos_x": 20.2946, "pos_y": 31.1786, "rotation": 0.0, "side": "bottom", "designator": "J1", "mpn": null, "pack": "Molex_PicoBlade_53261-0971_1x09-1MP_P1.25mm_Horizontal", "value": "Conn_01x11_MountingPin", "mount_type": "smt", "place": true}, {"pos_x": 37.5666, "pos_y": 31.077, "rotation": 0.0, "side": "bottom", "designator": "VA0", "mpn": null, "pack": "R_0805_2012Metric", "value": "0R", "mount_type": "smt", "place": true}, {"pos_x": 34.2646, "pos_y": 26.6066, "rotation": 0.0, "side": "bottom", "designator": "IC1", "mpn": null, "pack": "TCN75AVOA", "value": "TCN75AVUA713", "mount_type": "smt", "place": true}, {"pos_x": 31.2166, "pos_y": 31.1024, "rotation": 0.0, "side": "bottom", "designator": "GA0", "mpn": null, "pack": "R_0805_2012Metric", "value": "0R", "mount_type": "smt", "place": true}, {"pos_x": 36.8808, "pos_y": 22.1362, "rotation": -90.0, "side": "bottom", "designator": "C1", "mpn": null, "pack": "C_0603_1608Metric", "value": "1 uF", "mount_type": "smt", "place": true}, {"pos_x": 37.592, "pos_y": 35.6236, "rotation": 0.0, "side": "bottom", "designator": "VA2", "mpn": null, "pack": "R_0805_2012Metric", "value": "0R", "mount_type": "smt", "place": true}, {"pos_x": 31.2166, "pos_y": 33.4138, "rotation": 0.0, "side": "bottom", "designator": "GA1", "mpn": null, "pack": "R_0805_2012Metric", "value": "0R", "mount_type": "smt", "place": true}, {"pos_x": 31.1912, "pos_y": 35.6744, "rotation": 0.0, "side": "bottom", "designator": "GA2", "mpn": null, "pack": "R_0805_2012Metric", "value": "0R", "mount_type": "smt", "place": true}, {"pos_x": 37.592, "pos_y": 33.3884, "rotation": 0.0, "side": "bottom", "designator": "VA1", "mpn": null, "pack": "R_0805_2012Metric", "value": "0R", "mount_type": "smt", "place": true}]