[{"pos_x": 100.4676, "pos_y": -68.675, "rotation": 180.0, "side": "bottom", "designator": "SC1", "mpn": null, "pack": "Azur-Space-PQ-cut-SC", "value": "Solar_Cell", "mount_type": "tht", "place": true}, {"pos_x": 111.952, "pos_y": -55.583, "rotation": 90.0, "side": "top", "designator": "GA2", "mpn": null, "pack": "R_0805_2012Metric", "value": "0R", "mount_type": "smt", "place": true}, {"pos_x": 109.651, "pos_y": -50.884, "rotation": 90.0, "side": "top", "designator": "VA1", "mpn": null, "pack": "R_0805_2012Metric", "value": "0R", "mount_type": "smt", "place": true}, {"pos_x": 107.653617, "pos_y": -63.118784, "rotation": 0.0, "side": "top", "designator": "J1", "mpn": null, "pack": "Molex_PicoBlade_53261-1071_1x10-1MP_P1.25mm_Horizontal", "value": "Conn_01x11_MountingPin", "mount_type": "smt", "place": true}, {"pos_x": 93.034, "pos_y": -51.392, "rotation": -90.0, "side": "top", "designator": "NT1", "mpn": null, "pack": "NetTie-2_SMD_Pad0.5mm", "value": "NetTie_2", "mount_type": "tht", "place": true}, {"pos_x": 112.002, "pos_y": -50.884, "rotation": 90.0, "side": "top", "designator": "VA2", "mpn": null, "pack": "R_0805_2012Metric", "value": "0R", "mount_type": "smt", "place": true}, {"pos_x": 103.6, "pos_y": -53.432, "rotation": 90.0, "side": "top", "designator": "IC1", "mpn": null, "pack": "TCN75AVOA", "value": "TCN75AVOA713", "mount_type": "smt", "place": true}, {"pos_x": 107.385, "pos_y": -50.884, "rotation": 90.0, "side": "top", "designator": "VA0", "mpn": null, "pack": "R_0805_2012Metric", "value": "0R", "mount_type": "smt", "place": true}, {"pos_x": 99.257, "pos_y": -67.775, "rotation": 180.0, "side": "top", "designator": "Annotation1", "mpn": null, "pack": "Bridgemaker", "value": "Silkscreen_Annotation", "mount_type": "smt", "place": true}, {"pos_x": 81.05, "pos_y": -46.05, "rotation": 0.0, "side": "top", "designator": "H1", "mpn": null, "pack": "MountingHole_2.2mm_M2_Pad", "value": "MountingHole_Pad", "mount_type": "tht", "place": true}, {"pos_x": 98.355, "pos_y": -50.884, "rotation": 180.0, "side": "top", "designator": "C1", "mpn": null, "pack": "C_0603_1608Metric", "value": "1 uF", "mount_type": "smt", "place": true}, {"pos_x": 121.0, "pos_y": -87.0, "rotation": 0.0, "side": "top", "designator": "H3", "mpn": null, "pack": "MountingHole_2.2mm_M2_Pad", "value": "MountingHole_Pad", "mount_type": "tht", "place": true}, {"pos_x": 79.0, "pos_y": -84.0, "rotation": 0.0, "side": "top", "designator": "H4", "mpn": null, "pack": "MountingHole_2.2mm_M2_Pad", "value": "MountingHole_Pad", "mount_type": "tht", "place": true}, {"pos_x": 119.0, "pos_y": -46.0, "rotation": 0.0, "side": "top", "designator": "H2", "mpn": null, "pack": "MountingHole_2.2mm_M2_Pad", "value": "MountingHole_Pad", "mount_type": "tht", "place": true}, {"pos_x": 107.4, "pos_y": -55.583, "rotation": 90.0, "side": "top", "designator": "GA0", "mpn": null, "pack": "R_0805_2012Metric", "value": "0R", "mount_type": "smt", "place": true}, {"pos_x": 109.601, "pos_y": -55.583, "rotation": 90.0, "side": "top", "designator": "GA1", "mpn": null, "pack": "R_0805_2012Metric", "value": "0R", "mount_type": "smt", "place": true}, {"pos_x": 78.5052, "pos_y": -66.0224, "rotation": 0.0, "side": "top", "designator": "H5", "mpn": null, "pack": "MountingHole_2.2mm_M2_DIN965_Pad_TopOnly", "value": "MountingHole_Pad", "mount_type": "tht", "place": true}, {"pos_x": 83.89, "pos_y": -66.0224, "rotation": -90.0, "side": "top", "designator": "J2", "mpn": null, "pack": "C.FL-R-SMT-1(90)", "value": "connector-coax", "mount_type": "smt", "place": true}, {"pos_x": 97.6568, "pos_y": -45.804, "rotation": 180.0, "side": "bottom", "designator": "D1", "mpn": null, "pack": "SLCD-61N8", "value": "SLCD-61N8", "mount_type": "smt", "place": true}, {"pos_x": 120.974, "pos_y": -59.647, "rotation": -90.0, "side": "bottom", "designator": "THT1", "mpn": null, "pack": "R_Axial_DIN0309_L9.0mm_D3.2mm_P12.70mm_Horizontal", "value": "R", "mount_type": "tht", "place": true}]