[{"pos_x": 92.2, "pos_y": -48.3, "rotation": 0.0, "side": "top", "designator": "L4", "mpn": null, "pack": "XAL5030222MEC", "value": "XAL5030-222MEC", "mount_type": "smt", "place": true}, {"pos_x": 108.7898, "pos_y": -54.0766, "rotation": 90.0, "side": "top", "designator": "RFV0", "mpn": null, "pack": "R_0603_1608Metric", "value": "1k", "mount_type": "smt", "place": true}, {"pos_x": 112.8, "pos_y": -45.1, "rotation": 0.0, "side": "top", "designator": "C5", "mpn": null, "pack": "C_0603_1608Metric", "value": "22u", "mount_type": "smt", "place": true}, {"pos_x": 103.6, "pos_y": -70.7, "rotation": 180.0, "side": "top", "designator": "C3", "mpn": null, "pack": "C_1206_3216Metric", "value": "100u", "mount_type": "smt", "place": true}, {"pos_x": 113.4, "pos_y": -49.2, "rotation": 0.0, "side": "top", "designator": "IC2", "mpn": null, "pack": "ISL9120IRTNZ", "value": "ISL9120IRTNZ", "mount_type": "smt", "place": true}, {"pos_x": 95.3516, "pos_y": -63.0936, "rotation": 180.0, "side": "top", "designator": "R4", "mpn": null, "pack": "R_0805_2012Metric", "value": "75m", "mount_type": "smt", "place": true}, {"pos_x": 89.3, "pos_y": -65.1, "rotation": 180.0, "side": "top", "designator": "RPF2", "mpn": null, "pack": "R_0603_1608Metric", "value": "68k", "mount_type": "smt", "place": true}, {"pos_x": 101.2, "pos_y": -45.8375, "rotation": -90.0, "side": "top", "designator": "DNC2", "mpn": null, "pack": "R_0603_1608Metric", "value": "20k", "mount_type": "smt", "place": true}, {"pos_x": 90.606904, "pos_y": -58.773521, "rotation": 0.0, "side": "top", "designator": "Annotation2", "mpn": null, "pack": "NakNak", "value": "Silkscreen_Annotation", "mount_type": "smt", "place": true}, {"pos_x": 108.7898, "pos_y": -57.9882, "rotation": 90.0, "side": "top", "designator": "RFG0", "mpn": null, "pack": "R_0603_1608Metric", "value": "1k", "mount_type": "smt", "place": true}, {"pos_x": 97.9, "pos_y": -45.8375, "rotation": -90.0, "side": "top", "designator": "C2", "mpn": null, "pack": "C_0603_1608Metric", "value": "10u", "mount_type": "smt", "place": true}, {"pos_x": 110.0, "pos_y": -49.2, "rotation": 90.0, "side": "top", "designator": "L5", "mpn": null, "pack": "L_0805_2012Metric", "value": "1u", "mount_type": "smt", "place": true}, {"pos_x": 85.188, "pos_y": -74.473, "rotation": 0.0, "side": "top", "designator": "H4", "mpn": null, "pack": "MountingHole_3.2mm_M3_Pad", "value": "MountingHole_Pad", "mount_type": "tht", "place": true}, {"pos_x": 90.258, "pos_y": -41.473, "rotation": 90.0, "side": "top", "designator": "J1", "mpn": null, "pack": "SLW-110-01", "value": "SLW-110-01-T-S", "mount_type": "tht", "place": true}, {"pos_x": 105.5624, "pos_y": -64.516, "rotation": -90.0, "side": "top", "designator": "RFB2", "mpn": null, "pack": "R_0402_1005Metric", "value": "255k", "mount_type": "smt", "place": true}, {"pos_x": 102.9, "pos_y": -49.2, "rotation": 180.0, "side": "top", "designator": "IC1", "mpn": null, "pack": "TSSOP-8_4.4x3mm_P0.65mm", "value": "DS2782E+", "mount_type": "smt", "place": true}, {"pos_x": 98.2, "pos_y": -58.0, "rotation": 0.0, "side": "top", "designator": "U4", "mpn": null, "pack": "QFN-24-1EP_4x5mm_P0.5mm_EP2.65x3.65mm", "value": "LTC4040EUFD#PBF", "mount_type": "smt", "place": true}, {"pos_x": 85.188, "pos_y": -41.473, "rotation": 0.0, "side": "top", "designator": "H1", "mpn": null, "pack": "MountingHole_3.2mm_M3_Pad", "value": "MountingHole_Pad", "mount_type": "tht", "place": true}, {"pos_x": 104.4, "pos_y": -45.8, "rotation": -90.0, "side": "top", "designator": "R7", "mpn": null, "pack": "R_0603_1608Metric", "value": "510", "mount_type": "smt", "place": true}, {"pos_x": 103.1, "pos_y": -64.5, "rotation": -90.0, "side": "top", "designator": "RP_FAULT1", "mpn": null, "pack": "R_0805_2012Metric", "value": "5k", "mount_type": "smt", "place": true}, {"pos_x": 92.5, "pos_y": -65.1, "rotation": 180.0, "side": "top", "designator": "RPF1", "mpn": null, "pack": "R_0603_1608Metric", "value": "147k", "mount_type": "smt", "place": true}, {"pos_x": 112.0648, "pos_y": -66.4464, "rotation": -90.0, "side": "top", "designator": "Q1", "mpn": null, "pack": "SIR424DP", "value": "~", "mount_type": "smt", "place": true}, {"pos_x": 92.5, "pos_y": -66.8, "rotation": 180.0, "side": "top", "designator": "C1", "mpn": null, "pack": "C_0603_1608Metric", "value": "2.2u", "mount_type": "smt", "place": true}, {"pos_x": 106.0, "pos_y": -45.8, "rotation": 90.0, "side": "top", "designator": "C4", "mpn": null, "pack": "C_0603_1608Metric", "value": "0.1u", "mount_type": "smt", "place": true}, {"pos_x": 118.188, "pos_y": -41.473, "rotation": 0.0, "side": "top", "designator": "H2", "mpn": null, "pack": "MountingHole_3.2mm_M3_Pad", "value": "MountingHole_Pad", "mount_type": "tht", "place": true}, {"pos_x": 94.6, "pos_y": -55.7, "rotation": 90.0, "side": "top", "designator": "R6", "mpn": null, "pack": "R_0603_1608Metric", "value": "2k", "mount_type": "smt", "place": true}, {"pos_x": 99.8, "pos_y": -64.5, "rotation": -90.0, "side": "top", "designator": "RP_CHRG1", "mpn": null, "pack": "R_0805_2012Metric", "value": "5k", "mount_type": "smt", "place": true}, {"pos_x": 118.188, "pos_y": -46.543, "rotation": 0.0, "side": "top", "designator": "J2", "mpn": null, "pack": "SLW-110-01", "value": "SLW-110-01-T-S", "mount_type": "tht", "place": true}, {"pos_x": 90.532131, "pos_y": -56.301781, "rotation": 0.0, "side": "top", "designator": "Annotation1", "mpn": null, "pack": "Bridgemaker", "value": "Silkscreen_Annotation", "mount_type": "smt", "place": true}, {"pos_x": 108.4, "pos_y": -45.1, "rotation": 180.0, "side": "top", "designator": "R9", "mpn": null, "pack": "R_0603_1608Metric", "value": "15m", "mount_type": "smt", "place": true}, {"pos_x": 118.188, "pos_y": -74.473, "rotation": 0.0, "side": "top", "designator": "H3", "mpn": null, "pack": "MountingHole_3.2mm_M3_Pad", "value": "MountingHole_Pad", "mount_type": "tht", "place": true}, {"pos_x": 103.9, "pos_y": -57.8, "rotation": -90.0, "side": "top", "designator": "RFB1", "mpn": null, "pack": "R_0603_1608Metric", "value": "68k", "mount_type": "smt", "place": true}, {"pos_x": 102.8, "pos_y": -45.8, "rotation": -90.0, "side": "top", "designator": "R8", "mpn": null, "pack": "R_0603_1608Metric", "value": "1k", "mount_type": "smt", "place": true}, {"pos_x": 85.188, "pos_y": -46.543, "rotation": 0.0, "side": "top", "designator": "J4", "mpn": null, "pack": "SLW-110-01", "value": "SLW-110-01-T-S", "mount_type": "tht", "place": true}, {"pos_x": 111.914, "pos_y": -57.9882, "rotation": 90.0, "side": "top", "designator": "RFG2", "mpn": null, "pack": "R_0603_1608Metric", "value": "1k", "mount_type": "smt", "place": true}, {"pos_x": 114.0, "pos_y": -58.6, "rotation": 90.0, "side": "top", "designator": "R5", "mpn": null, "pack": "R_0603_1608Metric", "value": "10k", "mount_type": "smt", "place": true}, {"pos_x": 110.3646, "pos_y": -57.9882, "rotation": 90.0, "side": "top", "designator": "RFG1", "mpn": null, "pack": "R_0603_1608Metric", "value": "1k", "mount_type": "smt", "place": true}, {"pos_x": 111.914, "pos_y": -54.102, "rotation": 90.0, "side": "top", "designator": "RFV2", "mpn": null, "pack": "R_0603_1608Metric", "value": "1k", "mount_type": "smt", "place": true}, {"pos_x": 90.258, "pos_y": -74.473, "rotation": 90.0, "side": "top", "designator": "J3", "mpn": null, "pack": "SLW-110-01", "value": "SLW-110-01-T-S", "mount_type": "tht", "place": true}, {"pos_x": 99.6, "pos_y": -45.8375, "rotation": -90.0, "side": "top", "designator": "DNC1", "mpn": null, "pack": "R_0603_1608Metric", "value": "20k", "mount_type": "smt", "place": true}, {"pos_x": 110.3646, "pos_y": -54.0766, "rotation": 90.0, "side": "top", "designator": "RFV1", "mpn": null, "pack": "R_0603_1608Metric", "value": "1k", "mount_type": "smt", "place": true}, {"pos_x": 103.525, "pos_y": -50.6, "rotation": 180.0, "side": "bottom", "designator": "CINSNS3", "mpn": null, "pack": "C_0603_1608Metric", "value": "1n", "mount_type": "smt", "place": true}, {"pos_x": 90.4, "pos_y": -60.3, "rotation": 0.0, "side": "bottom", "designator": "RS1", "mpn": null, "pack": "R_0603_1608Metric", "value": "300m", "mount_type": "smt", "place": true}, {"pos_x": 103.5, "pos_y": -55.9, "rotation": 180.0, "side": "bottom", "designator": "R3", "mpn": null, "pack": "R_0603_1608Metric", "value": "1k", "mount_type": "smt", "place": true}, {"pos_x": 92.7, "pos_y": -48.3, "rotation": -90.0, "side": "bottom", "designator": "CF1", "mpn": null, "pack": "C_0603_1608Metric", "value": "1u", "mount_type": "smt", "place": true}, {"pos_x": 94.2, "pos_y": -54.1, "rotation": 0.0, "side": "bottom", "designator": "L1", "mpn": null, "pack": "L_0805_2012Metric", "value": "10u", "mount_type": "smt", "place": true}, {"pos_x": 103.7, "pos_y": -54.1, "rotation": 180.0, "side": "bottom", "designator": "L3", "mpn": null, "pack": "L_0805_2012Metric", "value": "10u", "mount_type": "smt", "place": true}, {"pos_x": 109.675, "pos_y": -53.7, "rotation": 90.0, "side": "bottom", "designator": "U2", "mpn": null, "pack": "TSSOP-8_4.4x3mm_P0.65mm", "value": "SPV1040TTR", "mount_type": "smt", "place": true}, {"pos_x": 100.1, "pos_y": -53.7, "rotation": 90.0, "side": "bottom", "designator": "U3", "mpn": null, "pack": "TSSOP-8_4.4x3mm_P0.65mm", "value": "SPV1040TTR", "mount_type": "smt", "place": true}, {"pos_x": 94.1, "pos_y": -52.4, "rotation": 0.0, "side": "bottom", "designator": "CIN1", "mpn": null, "pack": "C_0603_1608Metric", "value": "1.5u", "mount_type": "smt", "place": true}, {"pos_x": 109.475, "pos_y": -60.2, "rotation": 0.0, "side": "bottom", "designator": "RS2", "mpn": null, "pack": "R_0603_1608Metric", "value": "300m", "mount_type": "smt", "place": true}, {"pos_x": 109.475, "pos_y": -61.9, "rotation": 0.0, "side": "bottom", "designator": "RH2", "mpn": null, "pack": "R_0603_1608Metric", "value": "910k", "mount_type": "smt", "place": true}, {"pos_x": 99.9, "pos_y": -63.7, "rotation": 180.0, "side": "bottom", "designator": "RL3", "mpn": null, "pack": "R_0603_1608Metric", "value": "360k", "mount_type": "smt", "place": true}, {"pos_x": 113.075, "pos_y": -52.3, "rotation": 0.0, "side": "bottom", "designator": "CIN2", "mpn": null, "pack": "C_0603_1608Metric", "value": "1.5u", "mount_type": "smt", "place": true}, {"pos_x": 109.475, "pos_y": -58.5, "rotation": 180.0, "side": "bottom", "designator": "COUT2", "mpn": null, "pack": "C_0603_1608Metric", "value": "10u", "mount_type": "smt", "place": true}, {"pos_x": 94.1, "pos_y": -55.8, "rotation": 180.0, "side": "bottom", "designator": "R1", "mpn": null, "pack": "R_0603_1608Metric", "value": "1k", "mount_type": "smt", "place": true}, {"pos_x": 99.9, "pos_y": -58.6, "rotation": 180.0, "side": "bottom", "designator": "COUT3", "mpn": null, "pack": "C_0603_1608Metric", "value": "10u", "mount_type": "smt", "place": true}, {"pos_x": 90.3, "pos_y": -47.5, "rotation": 180.0, "side": "bottom", "designator": "RF2", "mpn": null, "pack": "R_0603_1608Metric", "value": "1k", "mount_type": "smt", "place": true}, {"pos_x": 103.5, "pos_y": -52.3, "rotation": 0.0, "side": "bottom", "designator": "CIN3", "mpn": null, "pack": "C_0603_1608Metric", "value": "1.5u", "mount_type": "smt", "place": true}, {"pos_x": 109.475, "pos_y": -65.3, "rotation": 180.0, "side": "bottom", "designator": "COUTSNS2", "mpn": null, "pack": "C_0603_1608Metric", "value": "1n", "mount_type": "smt", "place": true}, {"pos_x": 93.9, "pos_y": -66.1, "rotation": 90.0, "side": "bottom", "designator": "D4", "mpn": null, "pack": "RBS1LAM40ATR_Schottky", "value": "shottky", "mount_type": "smt", "place": true}, {"pos_x": 113.075, "pos_y": -55.9, "rotation": 180.0, "side": "bottom", "designator": "R2", "mpn": null, "pack": "R_0603_1608Metric", "value": "1k", "mount_type": "smt", "place": true}, {"pos_x": 112.675, "pos_y": -66.1, "rotation": 90.0, "side": "bottom", "designator": "D5", "mpn": null, "pack": "RBS1LAM40ATR_Schottky", "value": "shottky", "mount_type": "smt", "place": true}, {"pos_x": 90.4, "pos_y": -65.4, "rotation": 180.0, "side": "bottom", "designator": "COUTSNS1", "mpn": null, "pack": "C_0603_1608Metric", "value": "1n", "mount_type": "smt", "place": true}, {"pos_x": 90.4, "pos_y": -58.6, "rotation": 180.0, "side": "bottom", "designator": "COUT1", "mpn": null, "pack": "C_0603_1608Metric", "value": "10u", "mount_type": "smt", "place": true}, {"pos_x": 109.475, "pos_y": -63.6, "rotation": 180.0, "side": "bottom", "designator": "RL2", "mpn": null, "pack": "R_0603_1608Metric", "value": "360k", "mount_type": "smt", "place": true}, {"pos_x": 90.3, "pos_y": -49.1, "rotation": 180.0, "side": "bottom", "designator": "RF1", "mpn": null, "pack": "R_0603_1608Metric", "value": "1k", "mount_type": "smt", "place": true}, {"pos_x": 99.9, "pos_y": -60.3, "rotation": 0.0, "side": "bottom", "designator": "RS3", "mpn": null, "pack": "R_0603_1608Metric", "value": "300m", "mount_type": "smt", "place": true}, {"pos_x": 113.375, "pos_y": -54.1, "rotation": 180.0, "side": "bottom", "designator": "L2", "mpn": null, "pack": "L_0805_2012Metric", "value": "10u", "mount_type": "smt", "place": true}, {"pos_x": 109.475, "pos_y": -47.4, "rotation": 180.0, "side": "bottom", "designator": "RF3", "mpn": null, "pack": "R_0603_1608Metric", "value": "1k", "mount_type": "smt", "place": true}, {"pos_x": 111.775, "pos_y": -48.2, "rotation": -90.0, "side": "bottom", "designator": "CF2", "mpn": null, "pack": "C_0603_1608Metric", "value": "1u", "mount_type": "smt", "place": true}, {"pos_x": 103.2764, "pos_y": -66.0908, "rotation": 90.0, "side": "bottom", "designator": "D6", "mpn": null, "pack": "RBS1LAM40ATR_Schottky", "value": "shottky", "mount_type": "smt", "place": true}, {"pos_x": 113.075, "pos_y": -50.6, "rotation": 180.0, "side": "bottom", "designator": "CINSNS2", "mpn": null, "pack": "C_0603_1608Metric", "value": "1n", "mount_type": "smt", "place": true}, {"pos_x": 99.8, "pos_y": -49.0, "rotation": 180.0, "side": "bottom", "designator": "RF6", "mpn": null, "pack": "R_0603_1608Metric", "value": "1k", "mount_type": "smt", "place": true}, {"pos_x": 109.475, "pos_y": -49.0, "rotation": 180.0, "side": "bottom", "designator": "RF4", "mpn": null, "pack": "R_0603_1608Metric", "value": "1k", "mount_type": "smt", "place": true}, {"pos_x": 93.8784, "pos_y": -60.505, "rotation": -90.0, "side": "bottom", "designator": "D1", "mpn": null, "pack": "SMM4F15ATR", "value": "SMM4F", "mount_type": "smt", "place": true}, {"pos_x": 99.9, "pos_y": -65.4, "rotation": 180.0, "side": "bottom", "designator": "COUTSNS3", "mpn": null, "pack": "C_0603_1608Metric", "value": "1n", "mount_type": "smt", "place": true}, {"pos_x": 102.1, "pos_y": -48.2, "rotation": -90.0, "side": "bottom", "designator": "CF3", "mpn": null, "pack": "C_0603_1608Metric", "value": "1u", "mount_type": "smt", "place": true}, {"pos_x": 103.2764, "pos_y": -60.5558, "rotation": -90.0, "side": "bottom", "designator": "D3", "mpn": null, "pack": "SMM4F15ATR", "value": "SMM4F", "mount_type": "smt", "place": true}, {"pos_x": 90.6, "pos_y": -53.8, "rotation": 90.0, "side": "bottom", "designator": "U1", "mpn": null, "pack": "TSSOP-8_4.4x3mm_P0.65mm", "value": "SPV1040TTR", "mount_type": "smt", "place": true}, {"pos_x": 99.9, "pos_y": -62.0, "rotation": 0.0, "side": "bottom", "designator": "RH3", "mpn": null, "pack": "R_0603_1608Metric", "value": "910k", "mount_type": "smt", "place": true}, {"pos_x": 99.8, "pos_y": -47.4, "rotation": 180.0, "side": "bottom", "designator": "RF5", "mpn": null, "pack": "R_0603_1608Metric", "value": "1k", "mount_type": "smt", "place": true}, {"pos_x": 90.4, "pos_y": -63.7, "rotation": 180.0, "side": "bottom", "designator": "RL1", "mpn": null, "pack": "R_0603_1608Metric", "value": "360k", "mount_type": "smt", "place": true}, {"pos_x": 90.4, "pos_y": -62.0, "rotation": 0.0, "side": "bottom", "designator": "RH1", "mpn": null, "pack": "R_0603_1608Metric", "value": "910k", "mount_type": "smt", "place": true}, {"pos_x": 94.1, "pos_y": -50.7, "rotation": 180.0, "side": "bottom", "designator": "CINSNS1", "mpn": null, "pack": "C_0603_1608Metric", "value": "1n", "mount_type": "smt", "place": true}, {"pos_x": 112.6744, "pos_y": -60.5558, "rotation": -90.0, "side": "bottom", "designator": "D2", "mpn": null, "pack": "SMM4F15ATR", "value": "SMM4F", "mount_type": "smt", "place": true}]