[{"pos_x": 144.526, "pos_y": -103.2764, "rotation": 180.0, "side": "top", "designator": "U7", "mpn": null, "pack": "LGA-16_3x3mm_P0.5mm", "value": "MMC5983MA", "mount_type": "smt", "place": true}, {"pos_x": 149.0, "pos_y": -91.25, "rotation": 90.0, "side": "top", "designator": "U4", "mpn": null, "pack": "Bosch_LGA-14_3x2.5mm_P0.5mm", "value": "IIM-42652", "mount_type": "smt", "place": true}, {"pos_x": 133.5, "pos_y": -111.5, "rotation": 0.0, "side": "top", "designator": "H4", "mpn": null, "pack": "MountingHole_3.2mm_M3_Pad", "value": "MountingHole_Pad", "mount_type": "tht", "place": true}, {"pos_x": 144.0, "pos_y": -84.25, "rotation": 0.0, "side": "top", "designator": "C4", "mpn": null, "pack": "C_0603_1608Metric", "value": "100 pF", "mount_type": "smt", "place": true}, {"pos_x": 161.749992, "pos_y": -88.99999, "rotation": -90.0, "side": "top", "designator": "U6", "mpn": null, "pack": "UQFN-16_1.8x2.6_Pitch0.4mm", "value": "TMUX1108RSVR", "mount_type": "smt", "place": true}, {"pos_x": 138.749988, "pos_y": -88.750004, "rotation": 90.0, "side": "top", "designator": "U1", "mpn": null, "pack": "TI_X1SON-8_3x3mm", "value": "LPV542", "mount_type": "smt", "place": true}, {"pos_x": 156.49999, "pos_y": -88.750004, "rotation": 90.0, "side": "top", "designator": "U3", "mpn": null, "pack": "TI_X1SON-8_3x3mm", "value": "LPV542", "mount_type": "smt", "place": true}, {"pos_x": 138.57, "pos_y": -78.5, "rotation": 90.0, "side": "top", "designator": "J1", "mpn": null, "pack": "SLW-110-01", "value": "CES-110-02-L-S", "mount_type": "tht", "place": true}, {"pos_x": 162.85, "pos_y": -93.175, "rotation": -90.0, "side": "top", "designator": "C7", "mpn": null, "pack": "C_0603_1608Metric", "value": "1 uF", "mount_type": "smt", "place": true}, {"pos_x": 138.75, "pos_y": -94.75, "rotation": 0.0, "side": "top", "designator": "R1", "mpn": null, "pack": "R_0603_1608Metric", "value": "100", "mount_type": "smt", "place": true}, {"pos_x": 166.5, "pos_y": -83.57, "rotation": 0.0, "side": "top", "designator": "J2", "mpn": null, "pack": "SLW-110-01", "value": "CES-110-02-L-S", "mount_type": "tht", "place": true}, {"pos_x": 144.0, "pos_y": -94.75, "rotation": 0.0, "side": "top", "designator": "R5", "mpn": null, "pack": "R_0603_1608Metric", "value": "100", "mount_type": "smt", "place": true}, {"pos_x": 143.99999, "pos_y": -88.750004, "rotation": 90.0, "side": "top", "designator": "U2", "mpn": null, "pack": "TI_X1SON-8_3x3mm", "value": "LPV542", "mount_type": "smt", "place": true}, {"pos_x": 156.5, "pos_y": -91.75, "rotation": 180.0, "side": "top", "designator": "R11", "mpn": null, "pack": "R_0603_1608Metric", "value": "2k", "mount_type": "smt", "place": true}, {"pos_x": 158.8, "pos_y": -92.475, "rotation": -90.0, "side": "top", "designator": "R9", "mpn": null, "pack": "R_0603_1608Metric", "value": "100", "mount_type": "smt", "place": true}, {"pos_x": 144.0, "pos_y": -91.75, "rotation": 180.0, "side": "top", "designator": "R7", "mpn": null, "pack": "R_0603_1608Metric", "value": "2k", "mount_type": "smt", "place": true}, {"pos_x": 159.4058, "pos_y": -106.122, "rotation": 180.0, "side": "top", "designator": "C14", "mpn": null, "pack": "C_0603_1608Metric", "value": "1 uF", "mount_type": "smt", "place": true}, {"pos_x": 138.75, "pos_y": -91.75, "rotation": 180.0, "side": "top", "designator": "R3", "mpn": null, "pack": "R_0603_1608Metric", "value": "2k", "mount_type": "smt", "place": true}, {"pos_x": 144.0, "pos_y": -93.25, "rotation": 0.0, "side": "top", "designator": "C3", "mpn": null, "pack": "C_0603_1608Metric", "value": "100 pF", "mount_type": "smt", "place": true}, {"pos_x": 136.5, "pos_y": -85.0, "rotation": 90.0, "side": "top", "designator": "R2", "mpn": null, "pack": "R_0603_1608Metric", "value": "100", "mount_type": "smt", "place": true}, {"pos_x": 156.5, "pos_y": -93.25, "rotation": 0.0, "side": "top", "designator": "C5", "mpn": null, "pack": "C_0603_1608Metric", "value": "100 pF", "mount_type": "smt", "place": true}, {"pos_x": 133.5, "pos_y": -78.5, "rotation": 0.0, "side": "top", "designator": "H1", "mpn": null, "pack": "MountingHole_3.2mm_M3_Pad", "value": "MountingHole_Pad", "mount_type": "tht", "place": true}, {"pos_x": 144.0, "pos_y": -85.75, "rotation": 180.0, "side": "top", "designator": "R8", "mpn": null, "pack": "R_0603_1608Metric", "value": "2k", "mount_type": "smt", "place": true}, {"pos_x": 162.0, "pos_y": -103.9, "rotation": -90.0, "side": "top", "designator": "C13", "mpn": null, "pack": "C_0603_1608Metric", "value": "1 uF", "mount_type": "smt", "place": true}, {"pos_x": 141.8336, "pos_y": -103.3272, "rotation": -90.0, "side": "top", "designator": "C15", "mpn": null, "pack": "C_0603_1608Metric", "value": "10 uF", "mount_type": "smt", "place": true}, {"pos_x": 161.43, "pos_y": -111.5, "rotation": -90.0, "side": "top", "designator": "J3", "mpn": null, "pack": "SLW-110-01", "value": "CES-110-02-L-S", "mount_type": "tht", "place": true}, {"pos_x": 133.5, "pos_y": -106.43, "rotation": 180.0, "side": "top", "designator": "J4", "mpn": null, "pack": "SLW-110-01", "value": "CES-110-02-L-S", "mount_type": "tht", "place": true}, {"pos_x": 151.75, "pos_y": -91.0, "rotation": 90.0, "side": "top", "designator": "C10", "mpn": null, "pack": "C_0603_1608Metric", "value": "10 nF", "mount_type": "smt", "place": true}, {"pos_x": 166.5, "pos_y": -111.5, "rotation": 0.0, "side": "top", "designator": "H3", "mpn": null, "pack": "MountingHole_3.2mm_M3_Pad", "value": "MountingHole_Pad", "mount_type": "tht", "place": true}, {"pos_x": 150.575, "pos_y": -88.3, "rotation": 0.0, "side": "top", "designator": "C9", "mpn": null, "pack": "C_0603_1608Metric", "value": "100 nF", "mount_type": "smt", "place": true}, {"pos_x": 158.0, "pos_y": -102.75, "rotation": 0.0, "side": "top", "designator": "U5", "mpn": null, "pack": "QFN-16-1EP_4x4mm_P0.65mm_EP2.5x2.5mm", "value": "BD2606MVV", "mount_type": "smt", "place": true}, {"pos_x": 141.775, "pos_y": -85.0, "rotation": 90.0, "side": "top", "designator": "R6", "mpn": null, "pack": "R_0603_1608Metric", "value": "100", "mount_type": "smt", "place": true}, {"pos_x": 166.5, "pos_y": -78.5, "rotation": 0.0, "side": "top", "designator": "H2", "mpn": null, "pack": "MountingHole_3.2mm_M3_Pad", "value": "MountingHole_Pad", "mount_type": "tht", "place": true}, {"pos_x": 138.75, "pos_y": -93.25, "rotation": 0.0, "side": "top", "designator": "C1", "mpn": null, "pack": "C_0603_1608Metric", "value": "100 pF", "mount_type": "smt", "place": true}, {"pos_x": 154.2, "pos_y": -84.975, "rotation": -90.0, "side": "top", "designator": "R10", "mpn": null, "pack": "R_0603_1608Metric", "value": "100", "mount_type": "smt", "place": true}, {"pos_x": 138.75, "pos_y": -85.75, "rotation": 180.0, "side": "top", "designator": "R4", "mpn": null, "pack": "R_0603_1608Metric", "value": "2k", "mount_type": "smt", "place": true}, {"pos_x": 138.75, "pos_y": -84.25, "rotation": 0.0, "side": "top", "designator": "C2", "mpn": null, "pack": "C_0603_1608Metric", "value": "100 pF", "mount_type": "smt", "place": true}, {"pos_x": 150.575, "pos_y": -86.8, "rotation": 0.0, "side": "top", "designator": "C8", "mpn": null, "pack": "C_0603_1608Metric", "value": "2.2 uF", "mount_type": "smt", "place": true}, {"pos_x": 156.5, "pos_y": -85.75, "rotation": 180.0, "side": "top", "designator": "R12", "mpn": null, "pack": "R_0603_1608Metric", "value": "2k", "mount_type": "smt", "place": true}, {"pos_x": 159.4058, "pos_y": -107.622, "rotation": 0.0, "side": "top", "designator": "C11", "mpn": null, "pack": "C_0603_1608Metric", "value": "100 nF", "mount_type": "smt", "place": true}, {"pos_x": 156.5, "pos_y": -84.25, "rotation": 0.0, "side": "top", "designator": "C6", "mpn": null, "pack": "C_0603_1608Metric", "value": "100 pF", "mount_type": "smt", "place": true}, {"pos_x": 150.0378, "pos_y": -95.0, "rotation": -90.0, "side": "bottom", "designator": "J12", "mpn": null, "pack": "CES-102-02", "value": "CES-102-02-L-S", "mount_type": "tht", "place": true}, {"pos_x": 162.1874, "pos_y": -88.3106, "rotation": -90.0, "side": "bottom", "designator": "J8", "mpn": null, "pack": "Picoclasp10", "value": "Pico-Clasp_01x10", "mount_type": "smt", "place": true}, {"pos_x": 149.839531, "pos_y": -97.97782, "rotation": 0.0, "side": "bottom", "designator": "Annotation2", "mpn": null, "pack": "Bridgemaker", "value": "Silkscreen_Annotation", "mount_type": "smt", "place": true}, {"pos_x": 155.9342, "pos_y": -82.608, "rotation": 0.0, "side": "bottom", "designator": "J5", "mpn": null, "pack": "Picoclasp03", "value": "Pico-Clasp_01x03", "mount_type": "smt", "place": true}, {"pos_x": 137.8258, "pos_y": -101.685, "rotation": 90.0, "side": "bottom", "designator": "J6", "mpn": null, "pack": "Picoclasp10", "value": "Pico-Clasp_01x10", "mount_type": "smt", "place": true}, {"pos_x": 137.812, "pos_y": -88.2946, "rotation": 90.0, "side": "bottom", "designator": "J9", "mpn": null, "pack": "Picoclasp10", "value": "Pico-Clasp_01x10", "mount_type": "smt", "place": true}, {"pos_x": 151.8632, "pos_y": -95.789, "rotation": 180.0, "side": "bottom", "designator": "Annotation1", "mpn": null, "pack": "Bike", "value": "Silkscreen_Annotation", "mount_type": "smt", "place": true}, {"pos_x": 146.7112, "pos_y": -83.243, "rotation": 0.0, "side": "bottom", "designator": "J10", "mpn": null, "pack": "Picoclasp09", "value": "Pico-Clasp_01x09", "mount_type": "smt", "place": true}, {"pos_x": 162.1282, "pos_y": -101.6762, "rotation": -90.0, "side": "bottom", "designator": "J7", "mpn": null, "pack": "Picoclasp10", "value": "Pico-Clasp_01x10", "mount_type": "smt", "place": true}, {"pos_x": 149.8996, "pos_y": -106.75, "rotation": 180.0, "side": "bottom", "designator": "J11", "mpn": null, "pack": "Picoclasp15", "value": "Pico-Clasp_01x15", "mount_type": "smt", "place": true}]