[{"pos_x": 107.35, "pos_y": -72.85, "rotation": 180.0, "side": "top", "designator": "D1", "mpn": null, "pack": "SLCD-61N8", "value": "SLCD-61N8", "mount_type": "smt", "place": true}, {"pos_x": 86.558, "pos_y": -75.616, "rotation": 0.0, "side": "top", "designator": "H4", "mpn": null, "pack": "MountingHole_3.2mm_M3_Pad", "value": "MountingHole_Pad", "mount_type": "tht", "place": true}, {"pos_x": 114.488, "pos_y": -75.616, "rotation": 180.0, "side": "top", "designator": "J3", "mpn": null, "pack": "BBL-110-Y-X", "value": "BBL-110-Y-X", "mount_type": "tht", "place": true}, {"pos_x": 114.765, "pos_y": -70.9, "rotation": 0.0, "side": "top", "designator": "J5", "mpn": null, "pack": "C.FL-R-SMT-1(90)", "value": "U.FL-R-SMT", "mount_type": "smt", "place": true}, {"pos_x": 91.661797, "pos_y": -59.098321, "rotation": -90.0, "side": "top", "designator": "Annotation2", "mpn": null, "pack": "GRSS", "value": "Silkscreen_Annotation", "mount_type": "smt", "place": true}, {"pos_x": 119.558, "pos_y": -47.686, "rotation": -90.0, "side": "top", "designator": "J2", "mpn": null, "pack": "BBL-110-Y-X", "value": "BBL-110-Y-X", "mount_type": "tht", "place": true}, {"pos_x": 102.517329, "pos_y": -70.424857, "rotation": 0.0, "side": "top", "designator": "Annotation5", "mpn": null, "pack": "UPC_positiu", "value": "Silkscreen_Annotation", "mount_type": "smt", "place": true}, {"pos_x": 114.8, "pos_y": -58.75, "rotation": 90.0, "side": "top", "designator": "Annotation4", "mpn": null, "pack": "IEEE_logo", "value": "Silkscreen_Annotation", "mount_type": "smt", "place": true}, {"pos_x": 119.558, "pos_y": -42.616, "rotation": 0.0, "side": "top", "designator": "H2", "mpn": null, "pack": "MountingHole_3.2mm_M3_Pad", "value": "MountingHole_Pad", "mount_type": "tht", "place": true}, {"pos_x": 91.628, "pos_y": -42.616, "rotation": 0.0, "side": "top", "designator": "J1", "mpn": null, "pack": "BBL-110-Y-X", "value": "BBL-110-Y-X", "mount_type": "tht", "place": true}, {"pos_x": 119.558, "pos_y": -75.616, "rotation": 0.0, "side": "top", "designator": "H3", "mpn": null, "pack": "MountingHole_3.2mm_M3_Pad", "value": "MountingHole_Pad", "mount_type": "tht", "place": true}, {"pos_x": 86.558, "pos_y": -70.546, "rotation": 90.0, "side": "top", "designator": "J4", "mpn": null, "pack": "BBL-110-Y-X", "value": "BBL-110-Y-X", "mount_type": "tht", "place": true}, {"pos_x": 86.558, "pos_y": -42.616, "rotation": 0.0, "side": "top", "designator": "H1", "mpn": null, "pack": "MountingHole_3.2mm_M3_Pad", "value": "MountingHole_Pad", "mount_type": "tht", "place": true}, {"pos_x": 103.846302, "pos_y": -47.47673, "rotation": 0.0, "side": "top", "designator": "Annotation3", "mpn": null, "pack": "NSL_long", "value": "Silkscreen_Annotation", "mount_type": "smt", "place": true}, {"pos_x": 111.75, "pos_y": -50.6, "rotation": 180.0, "side": "bottom", "designator": "J7", "mpn": null, "pack": "CoaxialSwitch_Hirose_MS-156C3_Horizontal", "value": "MS-156C3", "mount_type": "smt", "place": true}, {"pos_x": 101.35, "pos_y": -60.5, "rotation": 0.0, "side": "bottom", "designator": "J8", "mpn": null, "pack": "C.FL-R-SMT-1(90)", "value": "U.FL-R-SMT", "mount_type": "smt", "place": true}, {"pos_x": 114.75, "pos_y": -60.1, "rotation": 90.0, "side": "bottom", "designator": "J6", "mpn": null, "pack": "CoaxialSwitch_Hirose_MS-156C3_Horizontal", "value": "MS-156C3", "mount_type": "smt", "place": true}, {"pos_x": 91.3, "pos_y": -60.565, "rotation": 90.0, "side": "bottom", "designator": "C24", "mpn": null, "pack": "C_0402_1005Metric", "value": "12 pF", "mount_type": "smt", "place": true}, {"pos_x": 97.15, "pos_y": -56.3, "rotation": 90.0, "side": "bottom", "designator": "C9", "mpn": null, "pack": "C_0603_1608Metric", "value": "47nF", "mount_type": "smt", "place": true}, {"pos_x": 106.412, "pos_y": -65.531, "rotation": 180.0, "side": "bottom", "designator": "R1", "mpn": null, "pack": "R_0603_1608Metric", "value": "87.5", "mount_type": "smt", "place": true}, {"pos_x": 96.8, "pos_y": -49.8725, "rotation": -90.0, "side": "bottom", "designator": "C17", "mpn": null, "pack": "C_0402_1005Metric", "value": "310pF", "mount_type": "smt", "place": true}, {"pos_x": 97.15, "pos_y": -60.6, "rotation": -90.0, "side": "bottom", "designator": "R2", "mpn": null, "pack": "R_0603_1608Metric", "value": "75", "mount_type": "smt", "place": true}, {"pos_x": 97.65, "pos_y": -46.0, "rotation": 0.0, "side": "bottom", "designator": "C5", "mpn": null, "pack": "C_0603_1608Metric", "value": "47nF", "mount_type": "smt", "place": true}, {"pos_x": 98.674, "pos_y": -60.6, "rotation": -90.0, "side": "bottom", "designator": "R3", "mpn": null, "pack": "R_0603_1608Metric", "value": "75", "mount_type": "smt", "place": true}, {"pos_x": 91.75, "pos_y": -52.315, "rotation": 0.0, "side": "bottom", "designator": "C20", "mpn": null, "pack": "C_0402_1005Metric", "value": "500pF", "mount_type": "smt", "place": true}, {"pos_x": 92.05, "pos_y": -69.4, "rotation": 180.0, "side": "bottom", "designator": "R6", "mpn": null, "pack": "R_0603_1608Metric", "value": "33K", "mount_type": "smt", "place": true}, {"pos_x": 109.27, "pos_y": -56.3, "rotation": -90.0, "side": "bottom", "designator": "C11", "mpn": null, "pack": "C_0603_1608Metric", "value": "2.2pF", "mount_type": "smt", "place": true}, {"pos_x": 98.674, "pos_y": -56.3, "rotation": 90.0, "side": "bottom", "designator": "C10", "mpn": null, "pack": "C_0603_1608Metric", "value": "47nF", "mount_type": "smt", "place": true}, {"pos_x": 98.228, "pos_y": -49.4, "rotation": 0.0, "side": "bottom", "designator": "C7", "mpn": null, "pack": "C_0402_1005Metric", "value": "47nF", "mount_type": "smt", "place": true}, {"pos_x": 103.999, "pos_y": -70.622, "rotation": -90.0, "side": "bottom", "designator": "L10", "mpn": null, "pack": "L_0603_1608Metric", "value": "4.7uH", "mount_type": "smt", "place": true}, {"pos_x": 91.3, "pos_y": -63.35, "rotation": 90.0, "side": "bottom", "designator": "C26", "mpn": null, "pack": "C_0402_1005Metric", "value": "10nF", "mount_type": "smt", "place": true}, {"pos_x": 91.75, "pos_y": -53.3, "rotation": 180.0, "side": "bottom", "designator": "L5", "mpn": null, "pack": "L_0402_1005Metric", "value": "10.2nH", "mount_type": "smt", "place": true}, {"pos_x": 94.35, "pos_y": -49.4, "rotation": 0.0, "side": "bottom", "designator": "C19", "mpn": null, "pack": "C_0402_1005Metric", "value": "1.3pF", "mount_type": "smt", "place": true}, {"pos_x": 100.4, "pos_y": -65.65, "rotation": 90.0, "side": "bottom", "designator": "C35", "mpn": null, "pack": "C_0603_1608Metric", "value": "100 pF", "mount_type": "smt", "place": true}, {"pos_x": 104.05, "pos_y": -50.6, "rotation": 180.0, "side": "bottom", "designator": "U2", "mpn": null, "pack": "QFN50P500X500X80-29N", "value": "MAX2121", "mount_type": "smt", "place": true}, {"pos_x": 114.75, "pos_y": -67.9625, "rotation": 90.0, "side": "bottom", "designator": "U1", "mpn": null, "pack": "WSON-6-1EP_2x2mm_P0.65mm_EP1x1.6mm", "value": "LEE2-6+", "mount_type": "smt", "place": true}, {"pos_x": 104.698, "pos_y": -56.3, "rotation": -90.0, "side": "bottom", "designator": "C12", "mpn": null, "pack": "C_0603_1608Metric", "value": "270pF", "mount_type": "smt", "place": true}, {"pos_x": 107.0, "pos_y": -59.7, "rotation": 180.0, "side": "bottom", "designator": "Y1", "mpn": null, "pack": "ECSTXO201633320TR", "value": "ECS-TXO-2016MV", "mount_type": "smt", "place": true}, {"pos_x": 114.75, "pos_y": -63.4, "rotation": 90.0, "side": "bottom", "designator": "C2", "mpn": null, "pack": "C_0603_1608Metric", "value": "1nF", "mount_type": "smt", "place": true}, {"pos_x": 97.9, "pos_y": -65.8, "rotation": 90.0, "side": "bottom", "designator": "U5", "mpn": null, "pack": "TSOT-23-5", "value": "LT071DBV", "mount_type": "smt", "place": true}, {"pos_x": 91.24, "pos_y": -49.7675, "rotation": 90.0, "side": "bottom", "designator": "L4", "mpn": null, "pack": "L_0402_1005Metric", "value": "3.9nH", "mount_type": "smt", "place": true}, {"pos_x": 92.25, "pos_y": -60.55, "rotation": 90.0, "side": "bottom", "designator": "C25", "mpn": null, "pack": "C_0402_1005Metric", "value": "12 pF", "mount_type": "smt", "place": true}, {"pos_x": 101.65, "pos_y": -56.3, "rotation": -90.0, "side": "bottom", "designator": "C15", "mpn": null, "pack": "C_0603_1608Metric", "value": "1.2nF", "mount_type": "smt", "place": true}, {"pos_x": 114.75, "pos_y": -56.35, "rotation": 90.0, "side": "bottom", "designator": "FL1", "mpn": null, "pack": "GE0805C-3", "value": "BFCG162W", "mount_type": "smt", "place": true}, {"pos_x": 114.75, "pos_y": -52.6, "rotation": 90.0, "side": "bottom", "designator": "C3", "mpn": null, "pack": "C_0603_1608Metric", "value": "1nF", "mount_type": "smt", "place": true}, {"pos_x": 113.95, "pos_y": -65.7, "rotation": 0.0, "side": "bottom", "designator": "L1", "mpn": null, "pack": "L_0603_1608Metric", "value": "100nH", "mount_type": "smt", "place": true}, {"pos_x": 106.412, "pos_y": -67.066, "rotation": 0.0, "side": "bottom", "designator": "C33", "mpn": null, "pack": "C_0603_1608Metric", "value": "1uF", "mount_type": "smt", "place": true}, {"pos_x": 101.95, "pos_y": -65.65, "rotation": -90.0, "side": "bottom", "designator": "R9", "mpn": null, "pack": "R_0603_1608Metric", "value": "2k", "mount_type": "smt", "place": true}, {"pos_x": 92.2, "pos_y": -50.8675, "rotation": 90.0, "side": "bottom", "designator": "L3", "mpn": null, "pack": "L_0402_1005Metric", "value": "3.9nH", "mount_type": "smt", "place": true}, {"pos_x": 97.9, "pos_y": -62.9, "rotation": 0.0, "side": "bottom", "designator": "R8", "mpn": null, "pack": "R_0603_1608Metric", "value": "100", "mount_type": "smt", "place": true}, {"pos_x": 92.25, "pos_y": -63.35, "rotation": 90.0, "side": "bottom", "designator": "C27", "mpn": null, "pack": "C_0402_1005Metric", "value": "10nF", "mount_type": "smt", "place": true}, {"pos_x": 91.3, "pos_y": -54.7, "rotation": 90.0, "side": "bottom", "designator": "C22", "mpn": null, "pack": "C_0402_1005Metric", "value": "1.3pF", "mount_type": "smt", "place": true}, {"pos_x": 91.8, "pos_y": -59.135, "rotation": 180.0, "side": "bottom", "designator": "L8", "mpn": null, "pack": "L_0402_1005Metric", "value": "16.4nH", "mount_type": "smt", "place": true}, {"pos_x": 94.362, "pos_y": -66.9485, "rotation": 90.0, "side": "bottom", "designator": "C29", "mpn": null, "pack": "C_0603_1608Metric", "value": "33nF", "mount_type": "smt", "place": true}, {"pos_x": 98.228, "pos_y": -50.35, "rotation": 0.0, "side": "bottom", "designator": "C8", "mpn": null, "pack": "C_0402_1005Metric", "value": "47nF", "mount_type": "smt", "place": true}, {"pos_x": 94.35, "pos_y": -50.35, "rotation": 0.0, "side": "bottom", "designator": "C18", "mpn": null, "pack": "C_0402_1005Metric", "value": "1.3pF", "mount_type": "smt", "place": true}, {"pos_x": 95.8, "pos_y": -49.8725, "rotation": 90.0, "side": "bottom", "designator": "L2", "mpn": null, "pack": "L_0402_1005Metric", "value": "16.4nH", "mount_type": "smt", "place": true}, {"pos_x": 92.25, "pos_y": -54.7, "rotation": 90.0, "side": "bottom", "designator": "C21", "mpn": null, "pack": "C_0402_1005Metric", "value": "1.3pF", "mount_type": "smt", "place": true}, {"pos_x": 106.984, "pos_y": -55.538, "rotation": 180.0, "side": "bottom", "designator": "R4", "mpn": null, "pack": "R_0603_1608Metric", "value": "120k", "mount_type": "smt", "place": true}, {"pos_x": 94.35, "pos_y": -70.2, "rotation": 90.0, "side": "bottom", "designator": "C28", "mpn": null, "pack": "C_0603_1608Metric", "value": "27pF", "mount_type": "smt", "place": true}, {"pos_x": 106.539, "pos_y": -72.908, "rotation": 180.0, "side": "bottom", "designator": "C31", "mpn": null, "pack": "C_0603_1608Metric", "value": "4.7uF", "mount_type": "smt", "place": true}, {"pos_x": 107.05, "pos_y": -61.75, "rotation": 0.0, "side": "bottom", "designator": "C34", "mpn": null, "pack": "C_0603_1608Metric", "value": "47nF", "mount_type": "smt", "place": true}, {"pos_x": 91.8, "pos_y": -58.15, "rotation": 0.0, "side": "bottom", "designator": "C23", "mpn": null, "pack": "C_0402_1005Metric", "value": "310pF", "mount_type": "smt", "place": true}, {"pos_x": 94.6, "pos_y": -46.0, "rotation": 0.0, "side": "bottom", "designator": "C6", "mpn": null, "pack": "C_0603_1608Metric", "value": "47nF", "mount_type": "smt", "place": true}, {"pos_x": 106.5, "pos_y": -70.709, "rotation": 0.0, "side": "bottom", "designator": "U4", "mpn": null, "pack": "SON45P200X200X80-9N", "value": "LT3048", "mount_type": "smt", "place": true}, {"pos_x": 91.3, "pos_y": -56.6, "rotation": 90.0, "side": "bottom", "designator": "L7", "mpn": null, "pack": "L_0402_1005Metric", "value": "3.9nH", "mount_type": "smt", "place": true}, {"pos_x": 92.25, "pos_y": -56.6, "rotation": 90.0, "side": "bottom", "designator": "L6", "mpn": null, "pack": "L_0402_1005Metric", "value": "3.9nH", "mount_type": "smt", "place": true}, {"pos_x": 102.475, "pos_y": -70.622, "rotation": -90.0, "side": "bottom", "designator": "C30", "mpn": null, "pack": "C_0603_1608Metric", "value": "1uF", "mount_type": "smt", "place": true}, {"pos_x": 114.25, "pos_y": -47.15, "rotation": 180.0, "side": "bottom", "designator": "Annotation1", "mpn": null, "pack": "Bridgemaker", "value": "Silkscreen_Annotation", "mount_type": "smt", "place": true}, {"pos_x": 100.15, "pos_y": -56.3, "rotation": -90.0, "side": "bottom", "designator": "C16", "mpn": null, "pack": "C_0603_1608Metric", "value": "1.2nF", "mount_type": "smt", "place": true}, {"pos_x": 106.412, "pos_y": -68.59, "rotation": 0.0, "side": "bottom", "designator": "C32", "mpn": null, "pack": "C_0603_1608Metric", "value": "1nF", "mount_type": "smt", "place": true}, {"pos_x": 91.75, "pos_y": -61.95, "rotation": 180.0, "side": "bottom", "designator": "L9", "mpn": null, "pack": "L_0402_1005Metric", "value": "680 nH", "mount_type": "smt", "place": true}, {"pos_x": 106.984, "pos_y": -57.062, "rotation": 0.0, "side": "bottom", "designator": "R5", "mpn": null, "pack": "R_0603_1608Metric", "value": "15k", "mount_type": "smt", "place": true}, {"pos_x": 110.794, "pos_y": -56.3, "rotation": -90.0, "side": "bottom", "designator": "C14", "mpn": null, "pack": "C_0603_1608Metric", "value": "47nF", "mount_type": "smt", "place": true}, {"pos_x": 100.95, "pos_y": -70.634, "rotation": -90.0, "side": "bottom", "designator": "C4", "mpn": null, "pack": "C_0603_1608Metric", "value": "1nF", "mount_type": "smt", "place": true}, {"pos_x": 103.174, "pos_y": -56.3, "rotation": -90.0, "side": "bottom", "designator": "C13", "mpn": null, "pack": "C_0603_1608Metric", "value": "22pF", "mount_type": "smt", "place": true}, {"pos_x": 91.81, "pos_y": -66.9, "rotation": -90.0, "side": "bottom", "designator": "U3", "mpn": null, "pack": "SON50P200X300X80-9N-D", "value": "~", "mount_type": "smt", "place": true}, {"pos_x": 114.75, "pos_y": -71.025, "rotation": 90.0, "side": "bottom", "designator": "C1", "mpn": null, "pack": "C_0603_1608Metric", "value": "1nF", "mount_type": "smt", "place": true}, {"pos_x": 92.05, "pos_y": -71.0, "rotation": 0.0, "side": "bottom", "designator": "R7", "mpn": null, "pack": "R_0603_1608Metric", "value": "33K", "mount_type": "smt", "place": true}]