Designator,Footprint,Quantity,Value,LCSC Part #
C1,C_0603_1608Metric,1,1 uF,
D1,SLCD-61N8,1,D_Photo,
"GA0, GA1, GA2, VA0, VA1, VA2",R_0805_2012Metric,6,0R,
"H1, H2, H3, H4, H5, H6",MountingHole_2.2mm_M2_Pad,6,MountingHole_Pad,
IC1,SOP-8_3.9x4.9mm_P1.27mm,1,TCN75AVOA713,
J1,Molex_PicoBlade_53261-1571_1x15-1MP_P1.25mm_Horizontal,1,53261-1471,
J2,Molex_PicoBlade_53398-0671_1x06-1MP_P1.25mm_Vertical,1,533980671,
J3,Molex_PicoBlade_53261-0271_1x02-1MP_P1.25mm_Horizontal,1,53261-0271,
KS1,D2FLA1,1,D2F-01L-A1,
KS2,D2FLA,1,D2F-01L-A,
NT1,NetTie-2_SMD_Pad0.5mm,1,NetTie_2,
S1,Solar_Cell,1,SolarCell,
