Designator,Footprint,Quantity,Value,LCSC Part #
Annotation1,GRSS,1,Silkscreen_Annotation,
Annotation2,IEEE_logo,1,Silkscreen_Annotation,
Annotation3,UPC_positiu,1,Silkscreen_Annotation,
Annotation4,Telecos,1,Silkscreen_Annotation,
Annotation5,Bridgemaker,1,Silkscreen_Annotation,
C1,0603,1,1 uF,
D1,SLCD-61N8,1,SLCD-61N8,
"GA0, GA1, GA2, VA0, VA1, VA2",0805,6,0R,
"H1, H2, H3, H4, H5, H6",MountingHole_2.2mm_M2_Pad,6,MountingHole_Pad,
IC1,TCN75AVOA,1,TCN75AVOA713,
J1,Molex_PicoBlade_53261-1571_1x15-1MP_P1.25mm_Horizontal,1,53261-1471,
J2,Molex_PicoBlade_53398-0871_1x08-1MP_P1.25mm_Vertical,1,Conn_01x08_MountingPin,
J3,Molex_PicoBlade_53261-0271_1x02-1MP_P1.25mm_Horizontal,1,53261-0271,
KS1,D2FLA1,1,D2F-01L-A1,
KS2,D2FLA,1,D2F-01L-A,
"NT1, NT2",NetTie-2_SMD_Pad0.5mm,2,NetTie_2,
SC1,Lighttricity_S3040_CIC,1,~,
