﻿designator,quantity,value,pack,mpn,mount_type
Annotation1,1,Silkscreen_Annotation,GRSS,,smt
Annotation2,1,Silkscreen_Annotation,IEEE_logo,,smt
Annotation3,1,Silkscreen_Annotation,UPC_positiu,,smt
Annotation4,1,Silkscreen_Annotation,Telecos,,smt
Annotation5,1,Silkscreen_Annotation,Bridgemaker,,smt
C1,1,1 uF,C_0603_1608Metric,,smt
D1,1,SLCD-61N8,SLCD-61N8,,smt
"GA0, GA1, GA2, VA0, VA1, VA2",6,0R,R_0805_2012Metric,,smt
"H1, H2, H3, H4, H5, H6",6,MountingHole_Pad,MountingHole_2.2mm_M2_Pad,,tht
IC1,1,TCN75AVOA713,TCN75AVOA,,smt
J1,1,53261-1471,Molex_PicoBlade_53261-1571_1x15-1MP_P1.25mm_Horizontal,,smt
J2,1,Conn_01x08_MountingPin,Molex_PicoBlade_53398-0871_1x08-1MP_P1.25mm_Vertical,,smt
J3,1,53261-0271,Molex_PicoBlade_53261-0271_1x02-1MP_P1.25mm_Horizontal,,smt
KS1,1,D2F-01L-A1,D2FLA1,,tht
KS2,1,D2F-01L-A,D2FLA,,tht
"NT1, NT2",2,NetTie_2,NetTie-2_SMD_Pad0.5mm,,tht
SC1,1,~,Lighttricity_S3040_CIC,,smt
