﻿pos_x,pos_y,rotation,side,designator,mpn,pack,value,mount_type,place
73.951403,-64.869921,-90.0,bottom,Annotation1,,GRSS,Silkscreen_Annotation,smt,True
73.6092,-43.6372,-90.0,bottom,Annotation2,,IEEE_logo,Silkscreen_Annotation,smt,True
81.7372,-78.5368,180.0,bottom,Annotation3,,UPC_positiu,Silkscreen_Annotation,smt,True
123.4948,-57.15,-90.0,bottom,Annotation4,,Telecos,Silkscreen_Annotation,smt,True
101.092,-57.2008,-90.0,top,Annotation5,,Bridgemaker,Silkscreen_Annotation,smt,True
92.16,-64.389,0.0,top,C1,,C_0603_1608Metric,1 uF,smt,True
82.0464,-34.2275,0.0,bottom,D1,,SLCD-61N8,SLCD-61N8,smt,True
96.382,-56.028,180.0,top,GA0,,R_0805_2012Metric,0R,smt,True
96.382,-53.627,180.0,top,GA1,,R_0805_2012Metric,0R,smt,True
96.382,-51.276,180.0,top,GA2,,R_0805_2012Metric,0R,smt,True
95.0,-78.0,0.0,top,H1,,MountingHole_2.2mm_M2_Pad,MountingHole_Pad,tht,True
109.0,-78.0,0.0,top,H2,,MountingHole_2.2mm_M2_Pad,MountingHole_Pad,tht,True
123.0,-67.0,0.0,top,H3,,MountingHole_2.2mm_M2_Pad,MountingHole_Pad,tht,True
123.0,-47.0,0.0,top,H4,,MountingHole_2.2mm_M2_Pad,MountingHole_Pad,tht,True
109.0,-36.0,0.0,top,H5,,MountingHole_2.2mm_M2_Pad,MountingHole_Pad,tht,True
95.0,-36.0,0.0,top,H6,,MountingHole_2.2mm_M2_Pad,MountingHole_Pad,tht,True
93.938,-60.833,180.0,top,IC1,,TCN75AVOA,TCN75AVOA713,smt,True
111.506,-54.61,90.0,top,J1,,Molex_PicoBlade_53261-1571_1x15-1MP_P1.25mm_Horizontal,53261-1471,smt,True
129.794,-57.912,-90.0,bottom,J2,,Molex_PicoBlade_53398-0871_1x08-1MP_P1.25mm_Vertical,Conn_01x08_MountingPin,smt,True
103.886,-46.5328,-90.0,top,J3,,Molex_PicoBlade_53261-0271_1x02-1MP_P1.25mm_Horizontal,53261-0271,smt,True
121.92,-40.894,0.0,bottom,KS1,,D2FLA1,D2F-01L-A1,tht,True
121.92,-72.8996,0.0,bottom,KS2,,D2FLA,D2F-01L-A,tht,True
83.9724,-58.9788,-90.0,top,NT1,,NetTie-2_SMD_Pad0.5mm,NetTie_2,tht,True
83.058,-34.7472,-90.0,top,NT2,,NetTie-2_SMD_Pad0.5mm,NetTie_2,tht,True
77.5236,-69.9488,0.0,bottom,SC1,,Lighttricity_S3040_CIC,~,smt,True
91.081,-55.928,180.0,top,VA0,,R_0805_2012Metric,0R,smt,True
91.081,-53.577,180.0,top,VA1,,R_0805_2012Metric,0R,smt,True
91.081,-51.226,180.0,top,VA2,,R_0805_2012Metric,0R,smt,True
