[{"pos_x": 83.748, "pos_y": -70.746, "rotation": 0.0, "side": "top", "designator": "H8", "mpn": null, "pack": "MountingHole_2.2mm_M2_DIN965", "value": "MountingHole", "mount_type": "tht", "place": true}, {"pos_x": 118.248, "pos_y": -44.246, "rotation": 0.0, "side": "top", "designator": "H2", "mpn": null, "pack": "MountingHole_6.4mm_M6_DIN965", "value": "MountingHole", "mount_type": "tht", "place": true}, {"pos_x": 101.748, "pos_y": -59.476, "rotation": 90.0, "side": "top", "designator": "J1", "mpn": null, "pack": "M207810245", "value": "M20-7810245", "mount_type": "smt", "place": true}, {"pos_x": 85.248, "pos_y": -44.246, "rotation": 0.0, "side": "top", "designator": "H1", "mpn": null, "pack": "MountingHole_6.4mm_M6_DIN965", "value": "MountingHole", "mount_type": "tht", "place": true}, {"pos_x": 119.748, "pos_y": -70.746, "rotation": 0.0, "side": "top", "designator": "H7", "mpn": null, "pack": "MountingHole_2.2mm_M2_DIN965", "value": "MountingHole", "mount_type": "tht", "place": true}, {"pos_x": 83.748, "pos_y": -50.746, "rotation": 0.0, "side": "top", "designator": "H5", "mpn": null, "pack": "MountingHole_2.2mm_M2_DIN965", "value": "MountingHole", "mount_type": "tht", "place": true}, {"pos_x": 119.748, "pos_y": -50.746, "rotation": 0.0, "side": "top", "designator": "H6", "mpn": null, "pack": "MountingHole_2.2mm_M2_DIN965", "value": "MountingHole", "mount_type": "tht", "place": true}, {"pos_x": 85.248, "pos_y": -77.246, "rotation": 0.0, "side": "top", "designator": "H4", "mpn": null, "pack": "MountingHole_6.4mm_M6_DIN965", "value": "MountingHole", "mount_type": "tht", "place": true}, {"pos_x": 118.248, "pos_y": -77.246, "rotation": 0.0, "side": "top", "designator": "H3", "mpn": null, "pack": "MountingHole_6.4mm_M6_DIN965", "value": "MountingHole", "mount_type": "tht", "place": true}, {"pos_x": 101.604931, "pos_y": -54.686381, "rotation": 0.0, "side": "top", "designator": "Annotation1", "mpn": null, "pack": "Bridgemaker", "value": "Silkscreen_Annotation", "mount_type": "smt", "place": true}, {"pos_x": 104.648, "pos_y": -64.2468, "rotation": 90.0, "side": "top", "designator": "NT1", "mpn": null, "pack": "NetTie-2_SMD_Pad0.5mm", "value": "NetTie_2", "mount_type": "tht", "place": true}]