[{"pos_x": 129.794, "pos_y": -57.912, "rotation": -90.0, "side": "bottom", "designator": "J2", "mpn": null, "pack": "Molex_PicoBlade_53398-0871_1x08-1MP_P1.25mm_Vertical", "value": "Conn_01x08_MountingPin", "mount_type": "smt", "place": true}, {"pos_x": 106.8008, "pos_y": -55.8688, "rotation": 0.0, "side": "top", "designator": "NT2", "mpn": null, "pack": "NetTie-2_SMD_Pad0.5mm", "value": "NetTie_2", "mount_type": "tht", "place": true}, {"pos_x": 123.0, "pos_y": -47.0, "rotation": 0.0, "side": "top", "designator": "H4", "mpn": null, "pack": "MountingHole_2.2mm_M2_Pad", "value": "MountingHole_Pad", "mount_type": "tht", "place": true}, {"pos_x": 91.081, "pos_y": -53.577, "rotation": 180.0, "side": "top", "designator": "VA1", "mpn": null, "pack": "R_0805_2012Metric", "value": "0R", "mount_type": "smt", "place": true}, {"pos_x": 93.938, "pos_y": -60.833, "rotation": 180.0, "side": "top", "designator": "IC1", "mpn": null, "pack": "TCN75AVOA", "value": "TCN75AVOA713", "mount_type": "smt", "place": true}, {"pos_x": 96.382, "pos_y": -51.276, "rotation": 180.0, "side": "top", "designator": "GA2", "mpn": null, "pack": "R_0805_2012Metric", "value": "0R", "mount_type": "smt", "place": true}, {"pos_x": 96.382, "pos_y": -56.028, "rotation": 180.0, "side": "top", "designator": "GA0", "mpn": null, "pack": "R_0805_2012Metric", "value": "0R", "mount_type": "smt", "place": true}, {"pos_x": 95.0, "pos_y": -78.0, "rotation": 0.0, "side": "top", "designator": "H1", "mpn": null, "pack": "MountingHole_2.2mm_M2_Pad", "value": "MountingHole_Pad", "mount_type": "tht", "place": true}, {"pos_x": 91.081, "pos_y": -55.928, "rotation": 180.0, "side": "top", "designator": "VA0", "mpn": null, "pack": "R_0805_2012Metric", "value": "0R", "mount_type": "smt", "place": true}, {"pos_x": 95.0, "pos_y": -36.0, "rotation": 0.0, "side": "top", "designator": "H6", "mpn": null, "pack": "MountingHole_2.2mm_M2_Pad", "value": "MountingHole_Pad", "mount_type": "tht", "place": true}, {"pos_x": 83.9724, "pos_y": -58.9788, "rotation": -90.0, "side": "top", "designator": "NT1", "mpn": null, "pack": "NetTie-2_SMD_Pad0.5mm", "value": "NetTie_2", "mount_type": "tht", "place": true}, {"pos_x": 96.382, "pos_y": -53.627, "rotation": 180.0, "side": "top", "designator": "GA1", "mpn": null, "pack": "R_0805_2012Metric", "value": "0R", "mount_type": "smt", "place": true}, {"pos_x": 92.16, "pos_y": -64.389, "rotation": 0.0, "side": "top", "designator": "C1", "mpn": null, "pack": "C_0603_1608Metric", "value": "1 uF", "mount_type": "smt", "place": true}, {"pos_x": 123.0, "pos_y": -67.0, "rotation": 0.0, "side": "top", "designator": "H3", "mpn": null, "pack": "MountingHole_2.2mm_M2_Pad", "value": "MountingHole_Pad", "mount_type": "tht", "place": true}, {"pos_x": 109.0, "pos_y": -78.0, "rotation": 0.0, "side": "top", "designator": "H2", "mpn": null, "pack": "MountingHole_2.2mm_M2_Pad", "value": "MountingHole_Pad", "mount_type": "tht", "place": true}, {"pos_x": 101.092, "pos_y": -57.2008, "rotation": -90.0, "side": "top", "designator": "Annotation5", "mpn": null, "pack": "Bridgemaker", "value": "Silkscreen_Annotation", "mount_type": "smt", "place": true}, {"pos_x": 103.886, "pos_y": -46.5328, "rotation": -90.0, "side": "top", "designator": "J3", "mpn": null, "pack": "Molex_PicoBlade_53261-0271_1x02-1MP_P1.25mm_Horizontal", "value": "53261-0271", "mount_type": "smt", "place": true}, {"pos_x": 109.0, "pos_y": -36.0, "rotation": 0.0, "side": "top", "designator": "H5", "mpn": null, "pack": "MountingHole_2.2mm_M2_Pad", "value": "MountingHole_Pad", "mount_type": "tht", "place": true}, {"pos_x": 91.081, "pos_y": -51.226, "rotation": 180.0, "side": "top", "designator": "VA2", "mpn": null, "pack": "R_0805_2012Metric", "value": "0R", "mount_type": "smt", "place": true}, {"pos_x": 111.506, "pos_y": -54.61, "rotation": 90.0, "side": "top", "designator": "J1", "mpn": null, "pack": "Molex_PicoBlade_53261-1571_1x15-1MP_P1.25mm_Horizontal", "value": "53261-1471", "mount_type": "smt", "place": true}, {"pos_x": 99.5172, "pos_y": -56.8452, "rotation": -90.0, "side": "bottom", "designator": "SC1", "mpn": null, "pack": "Azur-Space-PQ-cut-SC", "value": "Solar_Cell", "mount_type": "tht", "place": true}, {"pos_x": 121.92, "pos_y": -72.8996, "rotation": 0.0, "side": "bottom", "designator": "KS2", "mpn": null, "pack": "D2FLA", "value": "D2F-01L-A", "mount_type": "tht", "place": true}, {"pos_x": 75.523449, "pos_y": -40.429159, "rotation": -90.0, "side": "bottom", "designator": "Annotation2", "mpn": null, "pack": "IEEE_logo", "value": "Silkscreen_Annotation", "mount_type": "smt", "place": true}, {"pos_x": 123.4948, "pos_y": -57.15, "rotation": -90.0, "side": "bottom", "designator": "Annotation4", "mpn": null, "pack": "Telecos", "value": "Silkscreen_Annotation", "mount_type": "smt", "place": true}, {"pos_x": 82.0464, "pos_y": -34.2275, "rotation": 0.0, "side": "bottom", "designator": "D1", "mpn": null, "pack": "SLCD-61N8", "value": "SLCD-61N8", "mount_type": "smt", "place": true}, {"pos_x": 121.92, "pos_y": -40.894, "rotation": 0.0, "side": "bottom", "designator": "KS1", "mpn": null, "pack": "D2FLA1", "value": "D2F-01L-A1", "mount_type": "tht", "place": true}, {"pos_x": 75.526203, "pos_y": -60.196321, "rotation": -90.0, "side": "bottom", "designator": "Annotation1", "mpn": null, "pack": "GRSS", "value": "Silkscreen_Annotation", "mount_type": "smt", "place": true}, {"pos_x": 81.7372, "pos_y": -78.5368, "rotation": 180.0, "side": "bottom", "designator": "Annotation3", "mpn": null, "pack": "UPC_positiu", "value": "Silkscreen_Annotation", "mount_type": "smt", "place": true}]