Designator,Footprint,Quantity,Value,LCSC Part #
Annotation1,Bike,1,Silkscreen_Annotation,
Annotation2,Bridgemaker,1,Silkscreen_Annotation,
"C1, C2, C3, C4, C5, C6",0603,6,100 pF,
C10,0603,1,10 nF,
"C11, C9",0603,2,100 nF,
"C13, C14, C7",0603,3,1 uF,
C15,0603,1,10 uF,
C8,0603,1,2.2 uF,
"H1, H2, H3, H4",MountingHole_3.2mm_M3_Pad,4,MountingHole_Pad,
"J1, J2, J3, J4",SLW-110-01,4,CES-110-02-L-S,
J10,Picoclasp09,1,Pico-Clasp_01x09,
J11,Picoclasp15,1,Pico-Clasp_01x15,
J12,CES-102-02,1,CES-102-02-L-S,
J5,Picoclasp03,1,Pico-Clasp_01x03,
"J6, J7, J8, J9",Picoclasp10,4,Pico-Clasp_01x10,
"R1, R10, R2, R5, R6, R9",0603,6,100,
"R11, R12, R3, R4, R7, R8",0603,6,2k,
"U1, U2, U3",TI_X1SON-8_3x3mm,3,LPV542,
U4,Bosch_LGA-14_3x2.5mm_P0.5mm,1,IIM-42652,
U5,QFN-16-1EP_4x4mm_P0.65mm_EP2.5x2.5mm,1,BD2606MVV,
U6,UQFN-16_1.8x2.6_Pitch0.4mm,1,TMUX1108RSVR,
U7,LGA-16_3x3mm_P0.5mm,1,MMC5983MA,
