Designator,Footprint,Quantity,Value,LCSC Part #
,,1,,
C1,C_0603_1608Metric,1,1 uF,
D1,SLCD-61N8,1,D_Photo,
"GA0, GA1, GA2, VA0, VA1, VA2",R_0805_2012Metric,6,0R,
"H1, H2, H3, H4",MountingHole_2.2mm_M2_Pad,4,MountingHole_Pad,
IC1,SOP-8_3.9x4.9mm_P1.27mm,1,TCN75AVOA713,
J1,Molex_PicoBlade_53261-1071_1x10-1MP_P1.25mm_Horizontal,1,Conn_01x11_MountingPin,
JP1,U.FL_Hirose_U.FL-R-SMT-1_Vertical,1,U.FL-R-SMT-1(10),
NT1,NetTie-2_SMD_Pad0.5mm,1,NetTie_2,
S1,Solar_Cell,1,SolarCell,
THT1,R_Axial_DIN0309_L9.0mm_D3.2mm_P12.70mm_Horizontal,1,R,
