Designator,Footprint,Quantity,Value,LCSC Part #
Annotation1,Bridgemaker,1,Silkscreen_Annotation,
C1,0603,1,1 uF,
D1,SLCD-61N8,1,SLCD-61N8,
"GA0, GA1, GA2, VA0, VA1, VA2",0805,6,0R,
"H1, H2, H3, H4",MountingHole_2.2mm_M2_Pad,4,MountingHole_Pad,
H5,MountingHole_2.2mm_M2_DIN965_Pad_TopOnly,1,MountingHole_Pad,
IC1,TCN75AVOA,1,TCN75AVOA713,
J1,Molex_PicoBlade_53261-1071_1x10-1MP_P1.25mm_Horizontal,1,Conn_01x11_MountingPin,
J2,C.FL-R-SMT-1(90),1,connector-coax,
NT1,NetTie-2_SMD_Pad0.5mm,1,NetTie_2,
SC1,Lighttricity_S3040_CIC,1,~,
THT1,R_Axial_DIN0309_L9.0mm_D3.2mm_P12.70mm_Horizontal,1,7.5,
