Designator,Footprint,Quantity,Value,LCSC Part #
Annotation1,Bike,1,Silkscreen_Annotation,
C1,0402,1,47nF,
C10,0402,1,3.3pF,
C11,0402,1,2.4pF,
C12,0402,1,1.8pF,
C13,0603,1,1uF,
C14,0603,1,1nF,
C15,0603,1,1nF,
C16,0603,1,1uF,
C17,0603,1,470nF,
C18,0603,1,100nF,
C2,0402,1,47pF,
C27,0603,1,10pF,
C28,0603,1,100nF,
C3,0603,1,100nF,
C31,0603,1,4.7uF,
C32,0603,1,100nF,
C33,0603,1,100nF,
C34,0603,1,100nF,
C35,0603,1,100nF,
C36,0603,1,100nF,
C37,0603,1,1uF,
C38,0603,1,10pF,
C39,0603,1,10pF,
C4,0402,1,3.3pF,
C40,0603,1,20pF,
C41,0603,1,20pF,
C42,0603,1,100nF,
C43,0603,1,1uF,
C44,0603,1,1uF,
C45,0603,1,1uF,
C5,0402,1,5.6pF,
C6,0402,1,39pF,
C7,0402,1,2.2pF,
C8,0402,1,39pF,
C9,0402,1,3.3pF,
"D1, D2",RBS1LAM40ATR_Schottky,2,"type=""D"" model=""RBS1LAM40ATR"" lib=""""",
"H1, H2, H3, H4",MountingHole_3.2mm_M3_Pad,4,MountingHole_Pad,
"J1, J2, J3, J4",SLW-110-01,4,Conn_01x10,
J6,U.FL_Hirose_U.FL-R-SMT-1_Vertical,1,U.FL,
L1,0402,1,47nH,
L3,0402,1,2.5nH,
L4,0402,1,4.7nH,
L5,0402,1,9.1nH,
L6,0402,1,15nH,
L7,0805,1,15uH,
R1,0603,1,4.7k,
R2,0603,1,4.7k,
R3,0603,1,100R,
R4,0603,1,100R,
R6,0402,1,10k,
R7,0603,1,4.7k,
R8,0603,1,4.7k,
TP1,CoaxialSwitch_Hirose_MS-156C3_Horizontal,1,CoaxialSwitch_Testpoint,
U1,LQFP-64_10x10mm_P0.5mm,1,STM32L476RGTx,
U2,QFN-24-1EP_4x4mm_P0.5mm_EP2.6x2.6mm,1,SX1262IMLTRT,
"U3, U4, U6, U7",SOT-23-5,4,BD2232G-GTR,
U5,PG-TSLP-6-4,1,BGS12PL6E6327XTSA1,
X1,ECX-32,1,ECS-120-18-33-JEM-TR3,
X2,EPSON_FA128,1,FA-128_32.0000MF20X-K5,
X3,ABS09,1,ABS09-32.768KHZ-7-T,
