Designator,Footprint,Quantity,Value,LCSC Part #
Annotation1,Bike,1,Silkscreen_Annotation,
C1,C_0402_1005Metric,1,47nF,
"C10, C4, C9",C_0402_1005Metric,3,3.3pF,
C11,C_0402_1005Metric,1,2.4pF,
C12,C_0402_1005Metric,1,1.8pF,
"C13, C16, C37, C43, C44, C45",C_0603_1608Metric,6,1uF,
"C14, C15",C_0603_1608Metric,2,1nF,
C17,C_0603_1608Metric,1,470nF,
"C18, C28, C3, C32, C33, C34, C35, C36, C42",C_0603_1608Metric,9,100nF,
C2,C_0402_1005Metric,1,47pF,
"C27, C38, C39",C_0603_1608Metric,3,10pF,
C31,C_0603_1608Metric,1,4.7uF,
"C40, C41",C_0603_1608Metric,2,20pF,
C5,C_0402_1005Metric,1,5.6pF,
"C6, C8",C_0402_1005Metric,2,39pF,
C7,C_0402_1005Metric,1,2.2pF,
"D1, D2",D_SOD-128,2,RBS1LAM40ATR,
"H1, H2, H3, H4",MountingHole_3.2mm_M3_Pad,4,MountingHole_Pad,
"J1, J2, J3, J4",PinSocket_1x10_P2.54mm_Vertical,4,Conn_01x10,
J6,U.FL_Hirose_U.FL-R-SMT-1_Vertical,1,U.FL,
L1,L_0402_1005Metric,1,47nH,
L3,L_0402_1005Metric,1,2.5nH,
L4,L_0402_1005Metric,1,4.7nH,
L5,L_0402_1005Metric,1,9.1nH,
L6,L_0402_1005Metric,1,15nH,
L7,L_0805_2012Metric,1,15uH,
"R1, R2, R7, R8",R_0603_1608Metric,4,4.7k,
"R3, R4",R_0603_1608Metric,2,100R,
R6,R_0402_1005Metric,1,10k,
TP1,CoaxialSwitch_Hirose_MS-156C3_Horizontal,1,CoaxialSwitch_Testpoint,
U1,LQFP-64_10x10mm_P0.5mm,1,STM32L476RGTx,
U2,QFN-24-1EP_4x4mm_P0.5mm_EP2.6x2.6mm,1,SX1262IMLTRT,
"U3, U4, U6, U7",SOT-23-5,4,BD2232G-GTR,
U5,PG-TSLP-6-4,1,BGS12PL6E6327XTSA1,
X1,ECX-32,1,ECS-120-18-33-JEM-TR3,
X2,EPSON_FA128,1,FA-128_32.0000MF20X-K5,
X3,ABS09,1,ABS09-32.768KHZ-7-T,
