Designator,Footprint,Quantity,Value,LCSC Part #
Annotation1,Bridgemaker,1,Silkscreen_Annotation,
Annotation2,NakNak,1,Silkscreen_Annotation,
C1,0603,1,2.2u,
C2,0603,1,10u,
C3,1206,1,100u,
C4,0603,1,0.1u,
C5,0603,1,22u,
CF1,0603,1,1u,
CF2,0603,1,1u,
CF3,0603,1,1u,
CIN1,0603,1,1.5u,
CIN2,0603,1,1.5u,
CIN3,0603,1,1.5u,
CINSNS1,0603,1,1n,
CINSNS2,0603,1,1n,
CINSNS3,0603,1,1n,
COUT1,0603,1,10u,
COUT2,0603,1,10u,
COUT3,0603,1,10u,
COUTSNS1,0603,1,1n,
COUTSNS2,0603,1,1n,
COUTSNS3,0603,1,1n,
"D1, D2, D3",SMM4F15ATR,3,SMM4F,
"D4, D5, D6",RBS1LAM40ATR_Schottky,3,shottky,
DNC1,0603,1,20k,
DNC2,0603,1,20k,
"H1, H2, H3, H4",MountingHole_3.2mm_M3_Pad,4,MountingHole_Pad,
IC1,TSSOP-8_4.4x3mm_P0.65mm,1,DS2782E+,
IC2,ISL9120IRTNZ,1,ISL9120IRTNZ,
"J1, J2, J3, J4",SLW-110-01,4,SLW-110-01-T-S,
L1,0805,1,10u,
L2,0805,1,10u,
L3,0805,1,10u,
L4,XAL5030222MEC,1,XAL5030-222MEC,
L5,0805,1,1u,
Q1,SIR424DP,1,~,
R1,0603,1,1k,
R2,0603,1,1k,
R3,0603,1,1k,
R4,0805,1,75m,
R5,0603,1,10k,
R6,0603,1,2k,
R7,0603,1,510,
R8,0603,1,1k,
R9,0603,1,15m,
RF1,0603,1,1k,
RF2,0603,1,1k,
RF3,0603,1,1k,
RF4,0603,1,1k,
RF5,0603,1,1k,
RF6,0603,1,1k,
RFB1,0603,1,68k,
RFB2,0402,1,255k,
RFG0,0603,1,1k,
RFG1,0603,1,1k,
RFG2,0603,1,1k,
RFV0,0603,1,1k,
RFV1,0603,1,1k,
RFV2,0603,1,1k,
RH1,0603,1,910k,
RH2,0603,1,910k,
RH3,0603,1,910k,
RL1,0603,1,360k,
RL2,0603,1,360k,
RL3,0603,1,360k,
RPF1,0603,1,147k,
RPF2,0603,1,68k,
RP_CHRG1,0805,1,5k,
RP_FAULT1,0805,1,5k,
RS1,0603,1,300m,
RS2,0603,1,300m,
RS3,0603,1,300m,
"U1, U2, U3",TSSOP-8_4.4x3mm_P0.65mm,3,SPV1040TTR,
U4,QFN-24-1EP_4x5mm_P0.5mm_EP2.65x3.65mm,1,LTC4040EUFD#PBF,
