Designator,Footprint,Quantity,Value,LCSC Part #
Annotation1,Bridgemaker,1,Silkscreen_Annotation,
Annotation2,NakNak,1,Silkscreen_Annotation,
C1,C_0603_1608Metric,1,2.2u,
"C2, COUT1, COUT2, COUT3",C_0603_1608Metric,4,10u,
C3,C_1206_3216Metric,1,100u,
C4,C_0603_1608Metric,1,0.1u,
C5,C_0603_1608Metric,1,22u,
"CF1, CF2, CF3",C_0603_1608Metric,3,1u,
"CIN1, CIN2, CIN3",C_0603_1608Metric,3,1.5u,
"CINSNS1, CINSNS2, CINSNS3, COUTSNS1, COUTSNS2, COUTSNS3",C_0603_1608Metric,6,1n,
"D1, D2, D3",SMM4F15ATR,3,SMM4F,
"D4, D5, D6",D_SOD-128,3,shottky,
"DNC1, DNC2",R_0603_1608Metric,2,20k,
"H1, H2, H3, H4",MountingHole_3.2mm_M3_Pad,4,MountingHole_Pad,
IC1,TSSOP-8_4.4x3mm_P0.65mm,1,DS2782E+,
IC2,QFN-12-1EP_3x3mm_P0.5mm_EP1.6x1.6mm,1,ISL9120IRTNZ,
"J1, J2, J3, J4",SLW-110-01,4,SLW-110-01-T-S,
"L1, L2, L3",L_0805_2012Metric,3,10u,
L4,XAL5030222MEC,1,XAL5030-222MEC,
L5,L_0805_2012Metric,1,1u,
Q1,PowerPAK_SO-8_Single,1,SIR424DP-T1-GE3,
"R1, R2, R3, R8, RF1, RF2, RF3, RF4, RF5, RF6",R_0603_1608Metric,10,1k,
R4,R_0805_2012Metric,1,75m,
R5,R_0603_1608Metric,1,10k,
R6,R_0603_1608Metric,1,2k,
R7,R_0603_1608Metric,1,510,
R9,R_0603_1608Metric,1,15m,
"RFB1, RPF2",R_0603_1608Metric,2,68k,
RFB2,R_0402_1005Metric,1,255k,
"RH1, RH2, RH3",R_0603_1608Metric,3,910k,
"RL1, RL2, RL3",R_0603_1608Metric,3,360k,
RPF1,R_0603_1608Metric,1,147k,
"RP_CHRG1, RP_FAULT1",R_0805_2012Metric,2,5k,
"RS1, RS2, RS3",R_0603_1608Metric,3,300m,
"U1, U2, U3",TSSOP-8_4.4x3mm_P0.65mm,3,SPV1040TTR,
U4,QFN-24-1EP_4x5mm_P0.5mm_EP2.65x3.65mm,1,LTC4040EUFD#PBF,
