[{"pos_x": 73.5088, "pos_y": -77.594, "rotation": -90.0, "side": "top", "designator": "Annotation9", "mpn": null, "pack": "Telecos", "value": "Silkscreen_Annotation", "mount_type": "smt", "place": true}, {"pos_x": 109.55, "pos_y": -41.274, "rotation": 0.0, "side": "top", "designator": "H5", "mpn": null, "pack": "MountingHole_2.2mm_M2_Pad", "value": "MountingHole_Pad", "mount_type": "tht", "place": true}, {"pos_x": 131.4704, "pos_y": -54.102, "rotation": 90.0, "side": "top", "designator": "Annotation5", "mpn": null, "pack": "GRSS", "value": "Silkscreen_Annotation", "mount_type": "smt", "place": true}, {"pos_x": 109.55, "pos_y": -83.274, "rotation": 0.0, "side": "top", "designator": "H2", "mpn": null, "pack": "MountingHole_2.2mm_M2_Pad", "value": "MountingHole_Pad", "mount_type": "tht", "place": true}, {"pos_x": 132.6388, "pos_y": -46.2788, "rotation": 180.0, "side": "top", "designator": "J2", "mpn": null, "pack": "D2FLA1", "value": "D2FLA1", "mount_type": "tht", "place": true}, {"pos_x": 95.55, "pos_y": -41.274, "rotation": 0.0, "side": "top", "designator": "H6", "mpn": null, "pack": "MountingHole_2.2mm_M2_Pad", "value": "MountingHole_Pad", "mount_type": "tht", "place": true}, {"pos_x": 132.6388, "pos_y": -78.2828, "rotation": 180.0, "side": "top", "designator": "J1", "mpn": null, "pack": "D2FLA", "value": "D2FLA", "mount_type": "tht", "place": true}, {"pos_x": 73.0516, "pos_y": -55.4452, "rotation": -90.0, "side": "top", "designator": "Annotation8", "mpn": null, "pack": "UPC_positiu", "value": "Silkscreen_Annotation", "mount_type": "smt", "place": true}, {"pos_x": 123.55, "pos_y": -52.274, "rotation": 0.0, "side": "top", "designator": "H4", "mpn": null, "pack": "MountingHole_2.2mm_M2_Pad", "value": "MountingHole_Pad", "mount_type": "tht", "place": true}, {"pos_x": 101.817298, "pos_y": -34.924471, "rotation": 180.0, "side": "top", "designator": "Annotation3", "mpn": null, "pack": "NSL_long", "value": "Silkscreen_Annotation", "mount_type": "smt", "place": true}, {"pos_x": 95.55, "pos_y": -83.274, "rotation": 0.0, "side": "top", "designator": "H1", "mpn": null, "pack": "MountingHole_2.2mm_M2_Pad", "value": "MountingHole_Pad", "mount_type": "tht", "place": true}, {"pos_x": 123.55, "pos_y": -72.274, "rotation": 0.0, "side": "top", "designator": "H3", "mpn": null, "pack": "MountingHole_2.2mm_M2_Pad", "value": "MountingHole_Pad", "mount_type": "tht", "place": true}, {"pos_x": 131.3688, "pos_y": -66.7004, "rotation": 90.0, "side": "top", "designator": "Annotation6", "mpn": null, "pack": "IEEE_logo", "value": "Silkscreen_Annotation", "mount_type": "smt", "place": true}, {"pos_x": 122.062381, "pos_y": -62.072669, "rotation": 90.0, "side": "top", "designator": "Annotation7", "mpn": null, "pack": "Bridgemaker", "value": "Silkscreen_Annotation", "mount_type": "smt", "place": true}, {"pos_x": 103.236902, "pos_y": -89.56093, "rotation": 0.0, "side": "top", "designator": "Annotation4", "mpn": null, "pack": "NSL_long", "value": "Silkscreen_Annotation", "mount_type": "smt", "place": true}, {"pos_x": 101.817298, "pos_y": -35.07793, "rotation": 180.0, "side": "bottom", "designator": "Annotation2", "mpn": null, "pack": "NSL_long", "value": "Silkscreen_Annotation", "mount_type": "smt", "place": true}, {"pos_x": 101.944298, "pos_y": -89.6112, "rotation": 180.0, "side": "bottom", "designator": "Annotation1", "mpn": null, "pack": "NSL_long", "value": "Silkscreen_Annotation", "mount_type": "smt", "place": true}]