[{"pos_x": 83.5, "pos_y": -61.43, "rotation": 90.0, "side": "top", "designator": "J4", "mpn": null, "pack": "BBL-110-Y-X", "value": "Conn_01x10", "mount_type": "tht", "place": true}, {"pos_x": 111.43, "pos_y": -66.5, "rotation": 180.0, "side": "top", "designator": "J3", "mpn": null, "pack": "BBL-110-Y-X", "value": "Conn_01x10", "mount_type": "tht", "place": true}, {"pos_x": 116.5, "pos_y": -33.5, "rotation": 0.0, "side": "top", "designator": "H2", "mpn": null, "pack": "MountingHole_3.2mm_M3_Pad", "value": "MountingHole_Pad", "mount_type": "tht", "place": true}, {"pos_x": 116.5, "pos_y": -38.57, "rotation": -90.0, "side": "top", "designator": "J2", "mpn": null, "pack": "BBL-110-Y-X", "value": "Conn_01x10", "mount_type": "tht", "place": true}, {"pos_x": 88.57, "pos_y": -33.5, "rotation": 0.0, "side": "top", "designator": "J1", "mpn": null, "pack": "BBL-110-Y-X", "value": "Conn_01x10", "mount_type": "tht", "place": true}, {"pos_x": 116.5, "pos_y": -66.5, "rotation": 0.0, "side": "top", "designator": "H3", "mpn": null, "pack": "MountingHole_3.2mm_M3_Pad", "value": "MountingHole_Pad", "mount_type": "tht", "place": true}, {"pos_x": 83.5, "pos_y": -66.5, "rotation": 0.0, "side": "top", "designator": "H4", "mpn": null, "pack": "MountingHole_3.2mm_M3_Pad", "value": "MountingHole_Pad", "mount_type": "tht", "place": true}, {"pos_x": 100.0608, "pos_y": -49.492, "rotation": -90.0, "side": "top", "designator": "U1", "mpn": null, "pack": "PTC06", "value": "PTC06", "mount_type": "tht", "place": true}, {"pos_x": 83.5, "pos_y": -33.5, "rotation": 0.0, "side": "top", "designator": "H1", "mpn": null, "pack": "MountingHole_3.2mm_M3_Pad", "value": "MountingHole_Pad", "mount_type": "tht", "place": true}]