[{"pos_x": 155.6669, "pos_y": -83.4682, "rotation": 90.0, "side": "top", "designator": "C18", "mpn": null, "pack": "C_0603_1608Metric", "value": "100nF", "mount_type": "smt", "place": true}, {"pos_x": 162.3989, "pos_y": -86.9698, "rotation": 180.0, "side": "top", "designator": "C28", "mpn": null, "pack": "C_0603_1608Metric", "value": "100nF", "mount_type": "smt", "place": true}, {"pos_x": 139.1005, "pos_y": -102.05, "rotation": -90.0, "side": "top", "designator": "C32", "mpn": null, "pack": "C_0603_1608Metric", "value": "100nF", "mount_type": "smt", "place": true}, {"pos_x": 139.4005, "pos_y": -83.3, "rotation": 90.0, "side": "top", "designator": "R6", "mpn": null, "pack": "R_0402_1005Metric", "value": "10k", "mount_type": "smt", "place": true}, {"pos_x": 160.3711, "pos_y": -105.9698, "rotation": -90.0, "side": "top", "designator": "C15", "mpn": null, "pack": "C_0603_1608Metric", "value": "1nF", "mount_type": "smt", "place": true}, {"pos_x": 137.4005, "pos_y": -86.3, "rotation": 180.0, "side": "top", "designator": "C36", "mpn": null, "pack": "C_0603_1608Metric", "value": "100nF", "mount_type": "smt", "place": true}, {"pos_x": 158.3661, "pos_y": -97.1274, "rotation": -90.0, "side": "top", "designator": "L3", "mpn": null, "pack": "L_0402_1005Metric", "value": "2.5nH", "mount_type": "smt", "place": true}, {"pos_x": 141.8005, "pos_y": -83.5, "rotation": 0.0, "side": "top", "designator": "R8", "mpn": null, "pack": "R_0603_1608Metric", "value": "4.7k", "mount_type": "smt", "place": true}, {"pos_x": 140.6005, "pos_y": -102.05, "rotation": -90.0, "side": "top", "designator": "C33", "mpn": null, "pack": "C_0603_1608Metric", "value": "100nF", "mount_type": "smt", "place": true}, {"pos_x": 162.4497, "pos_y": -82.3978, "rotation": 0.0, "side": "top", "designator": "C27", "mpn": null, "pack": "C_0603_1608Metric", "value": "10pF", "mount_type": "smt", "place": true}, {"pos_x": 158.3975, "pos_y": -99.9664, "rotation": -90.0, "side": "top", "designator": "C6", "mpn": null, "pack": "C_0402_1005Metric", "value": "39pF", "mount_type": "smt", "place": true}, {"pos_x": 143.86, "pos_y": -92.293, "rotation": 0.0, "side": "top", "designator": "U1", "mpn": null, "pack": "LQFP-64_10x10mm_P0.5mm", "value": "STM32L476RGTx", "mount_type": "smt", "place": true}, {"pos_x": 152.3215, "pos_y": -101.52, "rotation": 0.0, "side": "top", "designator": "R4", "mpn": null, "pack": "R_0603_1608Metric", "value": "100R", "mount_type": "smt", "place": true}, {"pos_x": 158.8335, "pos_y": -98.544, "rotation": 0.0, "side": "top", "designator": "C5", "mpn": null, "pack": "C_0402_1005Metric", "value": "5.6pF", "mount_type": "smt", "place": true}, {"pos_x": 157.1793, "pos_y": -106.0698, "rotation": -90.0, "side": "top", "designator": "C8", "mpn": null, "pack": "C_0402_1005Metric", "value": "39pF", "mount_type": "smt", "place": true}, {"pos_x": 156.7093, "pos_y": -87.9998, "rotation": 180.0, "side": "top", "designator": "U2", "mpn": null, "pack": "QFN-24-1EP_4x4mm_P0.5mm_EP2.6x2.6mm", "value": "SX1262IMLTRT", "mount_type": "smt", "place": true}, {"pos_x": 154.7793, "pos_y": -106.5698, "rotation": 180.0, "side": "top", "designator": "L5", "mpn": null, "pack": "L_0402_1005Metric", "value": "9.1nH", "mount_type": "smt", "place": true}, {"pos_x": 161.430011, "pos_y": -111.499999, "rotation": -90.0, "side": "top", "designator": "J4", "mpn": null, "pack": "SLW-110-01", "value": "Conn_01x10", "mount_type": "tht", "place": true}, {"pos_x": 162.3989, "pos_y": -89.1, "rotation": 0.0, "side": "top", "designator": "C16", "mpn": null, "pack": "C_0603_1608Metric", "value": "1uF", "mount_type": "smt", "place": true}, {"pos_x": 133.500001, "pos_y": -106.429999, "rotation": 180.0, "side": "top", "designator": "J2", "mpn": null, "pack": "SLW-110-01", "value": "Conn_01x10", "mount_type": "tht", "place": true}, {"pos_x": 160.6675, "pos_y": -95.67, "rotation": 0.0, "side": "top", "designator": "C2", "mpn": null, "pack": "C_0402_1005Metric", "value": "47pF", "mount_type": "smt", "place": true}, {"pos_x": 158.5437, "pos_y": -82.4014, "rotation": 180.0, "side": "top", "designator": "C17", "mpn": null, "pack": "C_0603_1608Metric", "value": "470nF", "mount_type": "smt", "place": true}, {"pos_x": 157.178, "pos_y": -104.513, "rotation": 180.0, "side": "top", "designator": "U5", "mpn": null, "pack": "PG-TSLP-6-4", "value": "BGS12PL6E6327XTSA1", "mount_type": "smt", "place": true}, {"pos_x": 133.5, "pos_y": -78.5, "rotation": 0.0, "side": "top", "designator": "H2", "mpn": null, "pack": "MountingHole_3.2mm_M3_Pad", "value": "MountingHole_Pad", "mount_type": "tht", "place": true}, {"pos_x": 153.3793, "pos_y": -106.0698, "rotation": 90.0, "side": "top", "designator": "C10", "mpn": null, "pack": "C_0402_1005Metric", "value": "3.3pF", "mount_type": "smt", "place": true}, {"pos_x": 159.4261, "pos_y": -97.1244, "rotation": -90.0, "side": "top", "designator": "C4", "mpn": null, "pack": "C_0402_1005Metric", "value": "3.3pF", "mount_type": "smt", "place": true}, {"pos_x": 158.4075, "pos_y": -101.846, "rotation": -90.0, "side": "top", "designator": "L4", "mpn": null, "pack": "L_0402_1005Metric", "value": "4.7nH", "mount_type": "smt", "place": true}, {"pos_x": 150.7793, "pos_y": -106.5698, "rotation": 180.0, "side": "top", "designator": "J6", "mpn": null, "pack": "U.FL_Hirose_U.FL-R-SMT-1_Vertical", "value": "U.FL", "mount_type": "smt", "place": true}, {"pos_x": 166.500003, "pos_y": -83.569989, "rotation": 0.0, "side": "top", "designator": "J3", "mpn": null, "pack": "SLW-110-01", "value": "Conn_01x10", "mount_type": "tht", "place": true}, {"pos_x": 161.8793, "pos_y": -105.9698, "rotation": 90.0, "side": "top", "designator": "R3", "mpn": null, "pack": "R_0603_1608Metric", "value": "100R", "mount_type": "smt", "place": true}, {"pos_x": 133.5, "pos_y": -111.5, "rotation": 0.0, "side": "top", "designator": "H1", "mpn": null, "pack": "MountingHole_3.2mm_M3_Pad", "value": "MountingHole_Pad", "mount_type": "tht", "place": true}, {"pos_x": 155.0005, "pos_y": -93.8034, "rotation": -90.0, "side": "top", "designator": "C12", "mpn": null, "pack": "C_0402_1005Metric", "value": "1.8pF", "mount_type": "smt", "place": true}, {"pos_x": 155.9905, "pos_y": -93.8034, "rotation": -90.0, "side": "top", "designator": "C11", "mpn": null, "pack": "C_0402_1005Metric", "value": "2.4pF", "mount_type": "smt", "place": true}, {"pos_x": 137.5505, "pos_y": -102.05, "rotation": 90.0, "side": "top", "designator": "R2", "mpn": null, "pack": "R_0603_1608Metric", "value": "4.7k", "mount_type": "smt", "place": true}, {"pos_x": 154.0921, "pos_y": -83.4682, "rotation": 90.0, "side": "top", "designator": "C3", "mpn": null, "pack": "C_0603_1608Metric", "value": "100nF", "mount_type": "smt", "place": true}, {"pos_x": 162.446493, "pos_y": -84.670012, "rotation": -90.0, "side": "top", "designator": "X2", "mpn": null, "pack": "EPSON_FA128", "value": "FA-128_32.0000MF20X-K5", "mount_type": "smt", "place": true}, {"pos_x": 152.3215, "pos_y": -103.02, "rotation": 180.0, "side": "top", "designator": "C14", "mpn": null, "pack": "C_0603_1608Metric", "value": "1nF", "mount_type": "smt", "place": true}, {"pos_x": 160.6693, "pos_y": -91.2546, "rotation": 0.0, "side": "top", "designator": "C1", "mpn": null, "pack": "C_0402_1005Metric", "value": "47nF", "mount_type": "smt", "place": true}, {"pos_x": 138.570001, "pos_y": -78.499997, "rotation": 90.0, "side": "top", "designator": "J1", "mpn": null, "pack": "SLW-110-01", "value": "Conn_01x10", "mount_type": "tht", "place": true}, {"pos_x": 155.5905, "pos_y": -92.2764, "rotation": 180.0, "side": "top", "designator": "L6", "mpn": null, "pack": "L_0402_1005Metric", "value": "15nH", "mount_type": "smt", "place": true}, {"pos_x": 156.1961, "pos_y": -106.0698, "rotation": 90.0, "side": "top", "designator": "C9", "mpn": null, "pack": "C_0402_1005Metric", "value": "3.3pF", "mount_type": "smt", "place": true}, {"pos_x": 158.2577, "pos_y": -84.0778, "rotation": 180.0, "side": "top", "designator": "L7", "mpn": null, "pack": "L_0805_2012Metric", "value": "15uH", "mount_type": "smt", "place": true}, {"pos_x": 142.1005, "pos_y": -102.05, "rotation": -90.0, "side": "top", "designator": "C31", "mpn": null, "pack": "C_0603_1608Metric", "value": "4.7uF", "mount_type": "smt", "place": true}, {"pos_x": 141.8005, "pos_y": -82.0, "rotation": 0.0, "side": "top", "designator": "R7", "mpn": null, "pack": "R_0603_1608Metric", "value": "4.7k", "mount_type": "smt", "place": true}, {"pos_x": 158.8335, "pos_y": -103.3192, "rotation": 0.0, "side": "top", "designator": "C7", "mpn": null, "pack": "C_0402_1005Metric", "value": "2.2pF", "mount_type": "smt", "place": true}, {"pos_x": 150.0755, "pos_y": -86.3, "rotation": 0.0, "side": "top", "designator": "C35", "mpn": null, "pack": "C_0603_1608Metric", "value": "100nF", "mount_type": "smt", "place": true}, {"pos_x": 158.8075, "pos_y": -95.683, "rotation": 180.0, "side": "top", "designator": "L1", "mpn": null, "pack": "L_0402_1005Metric", "value": "47nH", "mount_type": "smt", "place": true}, {"pos_x": 137.4005, "pos_y": -84.8, "rotation": 180.0, "side": "top", "designator": "C34", "mpn": null, "pack": "C_0603_1608Metric", "value": "100nF", "mount_type": "smt", "place": true}, {"pos_x": 166.5, "pos_y": -78.5, "rotation": 0.0, "side": "top", "designator": "H3", "mpn": null, "pack": "MountingHole_3.2mm_M3_Pad", "value": "MountingHole_Pad", "mount_type": "tht", "place": true}, {"pos_x": 166.5, "pos_y": -111.5, "rotation": 0.0, "side": "top", "designator": "H4", "mpn": null, "pack": "MountingHole_3.2mm_M3_Pad", "value": "MountingHole_Pad", "mount_type": "tht", "place": true}, {"pos_x": 158.359303, "pos_y": -93.489799, "rotation": -90.0, "side": "top", "designator": "TP1", "mpn": null, "pack": "CoaxialSwitch_Hirose_MS-156C3_Horizontal", "value": "CoaxialSwitch_Testpoint", "mount_type": "smt", "place": true}, {"pos_x": 150.0005, "pos_y": -98.55, "rotation": 0.0, "side": "top", "designator": "C37", "mpn": null, "pack": "C_0603_1608Metric", "value": "1uF", "mount_type": "smt", "place": true}, {"pos_x": 137.4005, "pos_y": -83.3, "rotation": 180.0, "side": "top", "designator": "R1", "mpn": null, "pack": "R_0603_1608Metric", "value": "4.7k", "mount_type": "smt", "place": true}, {"pos_x": 142.7005, "pos_y": -83.9, "rotation": 90.0, "side": "bottom", "designator": "C39", "mpn": null, "pack": "C_0603_1608Metric", "value": "10pF", "mount_type": "smt", "place": true}, {"pos_x": 144.3075, "pos_y": -90.94, "rotation": 90.0, "side": "bottom", "designator": "C41", "mpn": null, "pack": "C_0603_1608Metric", "value": "20pF", "mount_type": "smt", "place": true}, {"pos_x": 158.86, "pos_y": -107.093, "rotation": -90.0, "side": "bottom", "designator": "U7", "mpn": null, "pack": "SOT-23-5", "value": "BD2232G-GTR", "mount_type": "smt", "place": true}, {"pos_x": 138.9, "pos_y": -108.5, "rotation": 180.0, "side": "bottom", "designator": "REF**", "mpn": null, "pack": "Bridgemaker", "value": "Bridgemaker", "mount_type": "smt", "place": true}, {"pos_x": 159.2005, "pos_y": -81.79999, "rotation": 0.0, "side": "bottom", "designator": "D1", "mpn": null, "pack": "RBS1LAM40ATR_Schottky", "value": "type=\"D\" model=\"RBS1LAM40ATR\" lib=\"\"", "mount_type": "smt", "place": true}, {"pos_x": 139.530499, "pos_y": -84.70001, "rotation": 0.0, "side": "bottom", "designator": "X3", "mpn": null, "pack": "ABS09", "value": "ABS09-32.768KHZ-7-T", "mount_type": "smt", "place": true}, {"pos_x": 158.66, "pos_y": -104.293, "rotation": 0.0, "side": "bottom", "designator": "C43", "mpn": null, "pack": "C_0603_1608Metric", "value": "1uF", "mount_type": "smt", "place": true}, {"pos_x": 154.36, "pos_y": -107.093, "rotation": -90.0, "side": "bottom", "designator": "U4", "mpn": null, "pack": "SOT-23-5", "value": "BD2232G-GTR", "mount_type": "smt", "place": true}, {"pos_x": 141.5005, "pos_y": -90.9, "rotation": 0.0, "side": "bottom", "designator": "X1", "mpn": null, "pack": "ECX-32", "value": "ECS-120-18-33-JEM-TR3", "mount_type": "smt", "place": true}, {"pos_x": 149.66, "pos_y": -107.093, "rotation": -90.0, "side": "bottom", "designator": "U3", "mpn": null, "pack": "SOT-23-5", "value": "BD2232G-GTR", "mount_type": "smt", "place": true}, {"pos_x": 138.5505, "pos_y": -90.97, "rotation": -90.0, "side": "bottom", "designator": "C40", "mpn": null, "pack": "C_0603_1608Metric", "value": "20pF", "mount_type": "smt", "place": true}, {"pos_x": 154.16, "pos_y": -104.293, "rotation": 0.0, "side": "bottom", "designator": "C44", "mpn": null, "pack": "C_0603_1608Metric", "value": "1uF", "mount_type": "smt", "place": true}, {"pos_x": 143.660001, "pos_y": -106.0, "rotation": -90.0, "side": "bottom", "designator": "D2", "mpn": null, "pack": "RBS1LAM40ATR_Schottky", "value": "type=\"D\" model=\"RBS1LAM40ATR\" lib=\"\"", "mount_type": "smt", "place": true}, {"pos_x": 149.46, "pos_y": -104.293, "rotation": 180.0, "side": "bottom", "designator": "C45", "mpn": null, "pack": "C_0603_1608Metric", "value": "1uF", "mount_type": "smt", "place": true}, {"pos_x": 161.0005, "pos_y": -103.2, "rotation": -90.0, "side": "bottom", "designator": "C13", "mpn": null, "pack": "C_0603_1608Metric", "value": "1uF", "mount_type": "smt", "place": true}, {"pos_x": 137.8505, "pos_y": -98.15, "rotation": -90.0, "side": "bottom", "designator": "C42", "mpn": null, "pack": "C_0603_1608Metric", "value": "100nF", "mount_type": "smt", "place": true}, {"pos_x": 162.3005, "pos_y": -100.0, "rotation": 0.0, "side": "bottom", "designator": "U6", "mpn": null, "pack": "SOT-23-5", "value": "BD2232G-GTR", "mount_type": "smt", "place": true}, {"pos_x": 140.6, "pos_y": -110.425, "rotation": 180.0, "side": "bottom", "designator": "Annotation1", "mpn": null, "pack": "Bike", "value": "Silkscreen_Annotation", "mount_type": "smt", "place": true}, {"pos_x": 136.4005, "pos_y": -83.9, "rotation": 90.0, "side": "bottom", "designator": "C38", "mpn": null, "pack": "C_0603_1608Metric", "value": "10pF", "mount_type": "smt", "place": true}]